lat_index,lon_index,latitude,longitude,missing_count,valid_count,missing_fraction,longest_consecutive_missing,number_of_missing_runs,first_missing_date,last_missing_date
81,47,25.25,56.75,1395,24,0.9830866807610994,788,3,2021-01-01T00:00:00.000000000,2024-11-19T00:00:00.000000000
82,47,25.5,56.75,1395,24,0.9830866807610994,788,3,2021-01-01T00:00:00.000000000,2024-11-19T00:00:00.000000000
82,48,25.5,57.0,1395,24,0.9830866807610994,788,3,2021-01-01T00:00:00.000000000,2024-11-19T00:00:00.000000000
94,17,28.5,49.25,1391,28,0.9802677942212826,1167,5,2021-01-01T00:00:00.000000000,2024-11-19T00:00:00.000000000
95,18,28.75,49.5,1387,32,0.9774489076814659,1183,4,2021-01-01T00:00:00.000000000,2024-11-19T00:00:00.000000000
79,48,24.75,57.0,1363,56,0.9605355884425651,583,3,2021-01-01T00:00:00.000000000,2024-11-19T00:00:00.000000000
80,48,25.0,57.0,1363,56,0.9605355884425651,583,3,2021-01-01T00:00:00.000000000,2024-11-19T00:00:00.000000000
81,48,25.25,57.0,1363,56,0.9605355884425651,583,3,2021-01-01T00:00:00.000000000,2024-11-19T00:00:00.000000000
93,17,28.25,49.25,1359,60,0.9577167019027484,1167,4,2021-01-01T00:00:00.000000000,2024-11-07T00:00:00.000000000
97,20,29.25,50.0,1343,76,0.9464411557434813,1167,3,2021-01-01T00:00:00.000000000,2024-10-06T00:00:00.000000000
94,18,28.5,49.5,1287,132,0.9069767441860465,583,4,2021-01-01T00:00:00.000000000,2024-09-28T00:00:00.000000000
96,19,29.0,49.75,1287,132,0.9069767441860465,583,4,2021-01-01T00:00:00.000000000,2024-09-28T00:00:00.000000000
84,42,26.0,55.5,1235,184,0.8703312191684285,1167,4,2021-01-01T00:00:00.000000000,2024-11-03T00:00:00.000000000
95,19,28.75,49.75,1211,208,0.8534178999295279,583,6,2021-01-01T00:00:00.000000000,2024-09-28T00:00:00.000000000
96,20,29.0,50.0,1211,208,0.8534178999295279,583,6,2021-01-01T00:00:00.000000000,2024-09-28T00:00:00.000000000
93,18,28.25,49.5,1203,216,0.8477801268498943,583,5,2021-01-01T00:00:00.000000000,2024-09-28T00:00:00.000000000
80,49,25.0,57.25,1191,228,0.8393234672304439,136,22,2021-01-01T00:00:00.000000000,2024-11-19T00:00:00.000000000
81,49,25.25,57.25,1191,228,0.8393234672304439,136,22,2021-01-01T00:00:00.000000000,2024-11-19T00:00:00.000000000
83,41,25.75,55.25,1187,232,0.8365045806906272,1167,3,2021-01-01T00:00:00.000000000,2024-10-10T00:00:00.000000000
84,41,26.0,55.25,1187,232,0.8365045806906272,1167,3,2021-01-01T00:00:00.000000000,2024-10-10T00:00:00.000000000
83,40,25.75,55.0,1179,240,0.8308668076109936,1167,2,2021-01-01T00:00:00.000000000,2024-10-10T00:00:00.000000000
68,185,22.0,91.25,1171,248,0.8252290345313601,508,20,2021-01-01T00:00:00.000000000,2024-11-19T00:00:00.000000000
78,49,24.5,57.25,1119,300,0.7885835095137421,104,29,2021-01-01T00:00:00.000000000,2024-11-19T00:00:00.000000000
79,49,24.75,57.25,1119,300,0.7885835095137421,104,29,2021-01-01T00:00:00.000000000,2024-11-19T00:00:00.000000000
81,50,25.25,57.5,739,680,0.5207892882311487,80,37,2021-01-01T00:00:00.000000000,2024-11-19T00:00:00.000000000
63,109,20.75,72.25,728,691,0.5130373502466525,104,28,2021-02-25T00:00:00.000000000,2024-11-11T00:00:00.000000000
77,50,24.25,57.5,691,728,0.4869626497533474,68,40,2021-01-01T00:00:00.000000000,2024-11-19T00:00:00.000000000
78,50,24.5,57.5,691,728,0.4869626497533474,68,40,2021-01-01T00:00:00.000000000,2024-11-19T00:00:00.000000000
79,50,24.75,57.5,691,728,0.4869626497533474,68,40,2021-01-01T00:00:00.000000000,2024-11-19T00:00:00.000000000
80,50,25.0,57.5,691,728,0.4869626497533474,68,40,2021-01-01T00:00:00.000000000,2024-11-19T00:00:00.000000000
79,36,24.75,54.0,643,776,0.45313601127554615,232,12,2021-01-01T00:00:00.000000000,2023-02-14T00:00:00.000000000
67,185,21.75,91.25,612,807,0.4312896405919662,340,12,2021-06-21T00:00:00.000000000,2024-11-19T00:00:00.000000000
67,186,21.75,91.5,612,807,0.4312896405919662,340,12,2021-06-21T00:00:00.000000000,2024-11-19T00:00:00.000000000
82,39,25.5,54.75,591,828,0.4164904862579281,212,7,2021-01-01T00:00:00.000000000,2022-10-01T00:00:00.000000000
83,39,25.75,54.75,591,828,0.4164904862579281,212,7,2021-01-01T00:00:00.000000000,2022-10-01T00:00:00.000000000
84,39,26.0,54.75,591,828,0.4164904862579281,212,7,2021-01-01T00:00:00.000000000,2022-10-01T00:00:00.000000000
84,40,26.0,55.0,591,828,0.4164904862579281,212,7,2021-01-01T00:00:00.000000000,2022-10-01T00:00:00.000000000
81,38,25.25,54.5,587,832,0.41367159971811135,180,8,2021-01-01T00:00:00.000000000,2022-10-05T00:00:00.000000000
67,184,21.75,91.0,576,843,0.4059196617336152,340,13,2021-06-29T00:00:00.000000000,2024-11-19T00:00:00.000000000
81,51,25.25,57.75,563,856,0.3967582804792107,56,37,2021-01-01T00:00:00.000000000,2024-11-19T00:00:00.000000000
79,34,24.75,53.5,555,864,0.39112050739957716,232,11,2021-01-01T00:00:00.000000000,2023-01-17T00:00:00.000000000
79,35,24.75,53.75,555,864,0.39112050739957716,232,11,2021-01-01T00:00:00.000000000,2023-01-17T00:00:00.000000000
83,38,25.75,54.5,547,872,0.3854827343199436,136,13,2021-01-01T00:00:00.000000000,2022-10-01T00:00:00.000000000
82,38,25.5,54.5,535,884,0.3770260747004933,80,14,2021-01-01T00:00:00.000000000,2022-10-01T00:00:00.000000000
66,186,21.5,91.5,520,899,0.3664552501761804,340,10,2021-06-21T00:00:00.000000000,2024-11-19T00:00:00.000000000
80,37,25.0,54.25,519,900,0.3657505285412262,148,11,2021-01-01T00:00:00.000000000,2022-11-18T00:00:00.000000000
80,51,25.0,57.75,519,900,0.3657505285412262,56,37,2021-01-01T00:00:00.000000000,2024-11-19T00:00:00.000000000
80,36,25.0,54.0,475,944,0.3347427766032417,128,12,2021-01-01T00:00:00.000000000,2022-11-18T00:00:00.000000000
81,37,25.25,54.25,463,956,0.3262861169837914,128,13,2021-01-01T00:00:00.000000000,2022-10-01T00:00:00.000000000
66,184,21.5,91.0,452,967,0.31853417899929526,340,8,2021-06-29T00:00:00.000000000,2024-11-19T00:00:00.000000000
66,185,21.5,91.25,452,967,0.31853417899929526,340,8,2021-06-29T00:00:00.000000000,2024-11-19T00:00:00.000000000
44,208,16.0,97.0,444,975,0.3128964059196617,348,6,2021-07-31T00:00:00.000000000,2024-11-19T00:00:00.000000000
44,209,16.0,97.25,444,975,0.3128964059196617,348,6,2021-07-31T00:00:00.000000000,2024-11-19T00:00:00.000000000
28,212,12.0,98.0,428,991,0.30162085976039466,340,5,2022-07-30T00:00:00.000000000,2024-11-19T00:00:00.000000000
29,212,12.25,98.0,428,991,0.30162085976039466,340,5,2022-07-30T00:00:00.000000000,2024-11-19T00:00:00.000000000
66,182,21.5,90.5,420,999,0.2959830866807611,152,11,2021-06-29T00:00:00.000000000,2024-11-19T00:00:00.000000000
66,183,21.5,90.75,420,999,0.2959830866807611,152,11,2021-06-29T00:00:00.000000000,2024-11-19T00:00:00.000000000
77,51,24.25,57.75,419,1000,0.2952783650458069,36,30,2021-01-01T00:00:00.000000000,2024-11-19T00:00:00.000000000
43,209,15.75,97.25,416,1003,0.29316420014094435,336,6,2021-07-31T00:00:00.000000000,2024-11-19T00:00:00.000000000
42,209,15.5,97.25,408,1011,0.28752642706131076,336,6,2021-08-04T00:00:00.000000000,2024-11-19T00:00:00.000000000
26,212,11.5,98.0,408,1011,0.28752642706131076,156,11,2021-02-25T00:00:00.000000000,2024-11-19T00:00:00.000000000
27,212,11.75,98.0,408,1011,0.28752642706131076,156,11,2021-02-25T00:00:00.000000000,2024-11-19T00:00:00.000000000
43,204,15.75,96.0,400,1019,0.28188865398167723,336,6,2022-07-22T00:00:00.000000000,2024-11-19T00:00:00.000000000
65,185,21.25,91.25,392,1027,0.2762508809020437,340,4,2021-07-31T00:00:00.000000000,2024-11-19T00:00:00.000000000
65,186,21.25,91.5,392,1027,0.2762508809020437,340,4,2021-07-31T00:00:00.000000000,2024-11-19T00:00:00.000000000
41,209,15.25,97.25,392,1027,0.2762508809020437,336,5,2021-08-08T00:00:00.000000000,2024-11-19T00:00:00.000000000
44,206,16.0,96.5,384,1035,0.27061310782241016,348,4,2022-09-24T00:00:00.000000000,2024-11-19T00:00:00.000000000
44,207,16.0,96.75,384,1035,0.27061310782241016,348,4,2022-09-24T00:00:00.000000000,2024-11-19T00:00:00.000000000
47,196,16.75,94.0,380,1039,0.2677942212825934,380,1,2023-11-06T00:00:00.000000000,2024-11-19T00:00:00.000000000
64,186,21.0,91.5,376,1043,0.2649753347427766,340,2,2021-07-31T00:00:00.000000000,2024-11-19T00:00:00.000000000
64,187,21.0,91.75,376,1043,0.2649753347427766,340,2,2021-07-31T00:00:00.000000000,2024-11-19T00:00:00.000000000
66,181,21.5,90.25,376,1043,0.2649753347427766,152,10,2021-08-24T00:00:00.000000000,2024-11-19T00:00:00.000000000
48,196,17.0,94.0,372,1047,0.26215644820295986,372,1,2023-11-14T00:00:00.000000000,2024-11-19T00:00:00.000000000
49,196,17.25,94.0,372,1047,0.26215644820295986,372,1,2023-11-14T00:00:00.000000000,2024-11-19T00:00:00.000000000
43,205,15.75,96.25,372,1047,0.26215644820295986,336,4,2022-09-24T00:00:00.000000000,2024-11-19T00:00:00.000000000
43,206,15.75,96.5,372,1047,0.26215644820295986,336,4,2022-09-24T00:00:00.000000000,2024-11-19T00:00:00.000000000
45,195,16.25,93.75,372,1047,0.26215644820295986,216,2,2023-11-06T00:00:00.000000000,2024-11-19T00:00:00.000000000
46,195,16.5,93.75,372,1047,0.26215644820295986,216,2,2023-11-06T00:00:00.000000000,2024-11-19T00:00:00.000000000
64,185,21.0,91.25,368,1051,0.25933756166314303,340,2,2021-07-31T00:00:00.000000000,2024-11-19T00:00:00.000000000
65,184,21.25,91.0,368,1051,0.25933756166314303,228,6,2021-07-31T00:00:00.000000000,2024-11-19T00:00:00.000000000
43,207,15.75,96.75,364,1055,0.25651867512332627,336,4,2022-09-24T00:00:00.000000000,2024-11-19T00:00:00.000000000
43,208,15.75,97.0,364,1055,0.25651867512332627,336,4,2022-09-24T00:00:00.000000000,2024-11-19T00:00:00.000000000
65,183,21.25,90.75,364,1055,0.25651867512332627,152,7,2021-07-31T00:00:00.000000000,2024-11-19T00:00:00.000000000
55,193,18.75,93.25,360,1059,0.2536997885835095,360,1,2023-11-26T00:00:00.000000000,2024-11-19T00:00:00.000000000
58,192,19.5,93.0,360,1059,0.2536997885835095,360,1,2023-11-26T00:00:00.000000000,2024-11-19T00:00:00.000000000
49,195,17.25,93.75,356,1063,0.25088090204369273,356,1,2023-11-30T00:00:00.000000000,2024-11-19T00:00:00.000000000
50,195,17.5,93.75,356,1063,0.25088090204369273,356,1,2023-11-30T00:00:00.000000000,2024-11-19T00:00:00.000000000
50,196,17.5,94.0,356,1063,0.25088090204369273,356,1,2023-11-30T00:00:00.000000000,2024-11-19T00:00:00.000000000
51,195,17.75,93.75,356,1063,0.25088090204369273,356,1,2023-11-30T00:00:00.000000000,2024-11-19T00:00:00.000000000
51,196,17.75,94.0,356,1063,0.25088090204369273,356,1,2023-11-30T00:00:00.000000000,2024-11-19T00:00:00.000000000
52,195,18.0,93.75,356,1063,0.25088090204369273,356,1,2023-11-30T00:00:00.000000000,2024-11-19T00:00:00.000000000
52,196,18.0,94.0,356,1063,0.25088090204369273,356,1,2023-11-30T00:00:00.000000000,2024-11-19T00:00:00.000000000
53,195,18.25,93.75,356,1063,0.25088090204369273,356,1,2023-11-30T00:00:00.000000000,2024-11-19T00:00:00.000000000
42,208,15.5,97.0,356,1063,0.25088090204369273,336,3,2022-09-24T00:00:00.000000000,2024-11-19T00:00:00.000000000
50,194,17.5,93.5,352,1067,0.24806201550387597,352,1,2023-12-04T00:00:00.000000000,2024-11-19T00:00:00.000000000
51,194,17.75,93.5,352,1067,0.24806201550387597,352,1,2023-12-04T00:00:00.000000000,2024-11-19T00:00:00.000000000
52,194,18.0,93.5,352,1067,0.24806201550387597,352,1,2023-12-04T00:00:00.000000000,2024-11-19T00:00:00.000000000
53,193,18.25,93.25,352,1067,0.24806201550387597,352,1,2023-12-04T00:00:00.000000000,2024-11-19T00:00:00.000000000
53,194,18.25,93.5,352,1067,0.24806201550387597,352,1,2023-12-04T00:00:00.000000000,2024-11-19T00:00:00.000000000
54,192,18.5,93.0,352,1067,0.24806201550387597,352,1,2023-12-04T00:00:00.000000000,2024-11-19T00:00:00.000000000
54,193,18.5,93.25,352,1067,0.24806201550387597,352,1,2023-12-04T00:00:00.000000000,2024-11-19T00:00:00.000000000
55,192,18.75,93.0,352,1067,0.24806201550387597,352,1,2023-12-04T00:00:00.000000000,2024-11-19T00:00:00.000000000
56,192,19.0,93.0,352,1067,0.24806201550387597,352,1,2023-12-04T00:00:00.000000000,2024-11-19T00:00:00.000000000
57,192,19.25,93.0,352,1067,0.24806201550387597,352,1,2023-12-04T00:00:00.000000000,2024-11-19T00:00:00.000000000
47,195,16.75,93.75,352,1067,0.24806201550387597,196,2,2023-11-26T00:00:00.000000000,2024-11-19T00:00:00.000000000
48,195,17.0,93.75,352,1067,0.24806201550387597,196,2,2023-11-26T00:00:00.000000000,2024-11-19T00:00:00.000000000
51,193,17.75,93.25,348,1071,0.2452431289640592,348,1,2023-12-08T00:00:00.000000000,2024-11-19T00:00:00.000000000
52,193,18.0,93.25,348,1071,0.2452431289640592,348,1,2023-12-08T00:00:00.000000000,2024-11-19T00:00:00.000000000
55,191,18.75,92.75,348,1071,0.2452431289640592,348,1,2023-12-08T00:00:00.000000000,2024-11-19T00:00:00.000000000
56,190,19.0,92.5,348,1071,0.2452431289640592,348,1,2023-12-08T00:00:00.000000000,2024-11-19T00:00:00.000000000
56,191,19.0,92.75,348,1071,0.2452431289640592,348,1,2023-12-08T00:00:00.000000000,2024-11-19T00:00:00.000000000
57,190,19.25,92.5,348,1071,0.2452431289640592,348,1,2023-12-08T00:00:00.000000000,2024-11-19T00:00:00.000000000
57,191,19.25,92.75,348,1071,0.2452431289640592,348,1,2023-12-08T00:00:00.000000000,2024-11-19T00:00:00.000000000
58,190,19.5,92.5,348,1071,0.2452431289640592,348,1,2023-12-08T00:00:00.000000000,2024-11-19T00:00:00.000000000
58,191,19.5,92.75,348,1071,0.2452431289640592,348,1,2023-12-08T00:00:00.000000000,2024-11-19T00:00:00.000000000
59,189,19.75,92.25,348,1071,0.2452431289640592,348,1,2023-12-08T00:00:00.000000000,2024-11-19T00:00:00.000000000
59,190,19.75,92.5,348,1071,0.2452431289640592,348,1,2023-12-08T00:00:00.000000000,2024-11-19T00:00:00.000000000
60,189,20.0,92.25,348,1071,0.2452431289640592,348,1,2023-12-08T00:00:00.000000000,2024-11-19T00:00:00.000000000
60,190,20.0,92.5,348,1071,0.2452431289640592,348,1,2023-12-08T00:00:00.000000000,2024-11-19T00:00:00.000000000
61,189,20.25,92.25,348,1071,0.2452431289640592,348,1,2023-12-08T00:00:00.000000000,2024-11-19T00:00:00.000000000
57,189,19.25,92.25,344,1075,0.24242424242424243,344,1,2023-12-12T00:00:00.000000000,2024-11-19T00:00:00.000000000
58,188,19.5,92.0,344,1075,0.24242424242424243,344,1,2023-12-12T00:00:00.000000000,2024-11-19T00:00:00.000000000
58,189,19.5,92.25,344,1075,0.24242424242424243,344,1,2023-12-12T00:00:00.000000000,2024-11-19T00:00:00.000000000
59,188,19.75,92.0,344,1075,0.24242424242424243,344,1,2023-12-12T00:00:00.000000000,2024-11-19T00:00:00.000000000
60,188,20.0,92.0,344,1075,0.24242424242424243,344,1,2023-12-12T00:00:00.000000000,2024-11-19T00:00:00.000000000
61,188,20.25,92.0,344,1075,0.24242424242424243,344,1,2023-12-12T00:00:00.000000000,2024-11-19T00:00:00.000000000
62,188,20.5,92.0,344,1075,0.24242424242424243,344,1,2023-12-12T00:00:00.000000000,2024-11-19T00:00:00.000000000
64,184,21.0,91.0,344,1075,0.24242424242424243,228,4,2021-07-31T00:00:00.000000000,2024-11-19T00:00:00.000000000
55,189,18.75,92.25,340,1079,0.23960535588442566,340,1,2023-12-16T00:00:00.000000000,2024-11-19T00:00:00.000000000
55,190,18.75,92.5,340,1079,0.23960535588442566,340,1,2023-12-16T00:00:00.000000000,2024-11-19T00:00:00.000000000
56,188,19.0,92.0,340,1079,0.23960535588442566,340,1,2023-12-16T00:00:00.000000000,2024-11-19T00:00:00.000000000
56,189,19.0,92.25,340,1079,0.23960535588442566,340,1,2023-12-16T00:00:00.000000000,2024-11-19T00:00:00.000000000
57,188,19.25,92.0,340,1079,0.23960535588442566,340,1,2023-12-16T00:00:00.000000000,2024-11-19T00:00:00.000000000
63,187,20.75,91.75,340,1079,0.23960535588442566,340,1,2023-12-16T00:00:00.000000000,2024-11-19T00:00:00.000000000
52,192,18.0,93.0,340,1079,0.23960535588442566,220,2,2023-12-08T00:00:00.000000000,2024-11-19T00:00:00.000000000
53,191,18.25,92.75,340,1079,0.23960535588442566,220,2,2023-12-08T00:00:00.000000000,2024-11-19T00:00:00.000000000
53,192,18.25,93.0,340,1079,0.23960535588442566,220,2,2023-12-08T00:00:00.000000000,2024-11-19T00:00:00.000000000
54,191,18.5,92.75,340,1079,0.23960535588442566,220,2,2023-12-08T00:00:00.000000000,2024-11-19T00:00:00.000000000
38,210,14.5,97.5,336,1083,0.23678646934460887,336,1,2023-12-20T00:00:00.000000000,2024-11-19T00:00:00.000000000
61,187,20.25,91.75,336,1083,0.23678646934460887,180,2,2023-12-12T00:00:00.000000000,2024-11-19T00:00:00.000000000
62,187,20.5,91.75,336,1083,0.23678646934460887,180,2,2023-12-12T00:00:00.000000000,2024-11-19T00:00:00.000000000
27,211,11.75,97.75,336,1083,0.23678646934460887,128,6,2022-07-30T00:00:00.000000000,2024-11-19T00:00:00.000000000
28,211,12.0,97.75,336,1083,0.23678646934460887,128,6,2022-07-30T00:00:00.000000000,2024-11-19T00:00:00.000000000
54,190,18.5,92.5,332,1087,0.2339675828047921,220,2,2023-12-16T00:00:00.000000000,2024-11-19T00:00:00.000000000
55,188,18.75,92.0,332,1087,0.2339675828047921,204,2,2023-12-16T00:00:00.000000000,2024-11-19T00:00:00.000000000
62,185,20.5,91.25,332,1087,0.2339675828047921,180,2,2023-12-16T00:00:00.000000000,2024-11-19T00:00:00.000000000
62,186,20.5,91.5,332,1087,0.2339675828047921,180,2,2023-12-16T00:00:00.000000000,2024-11-19T00:00:00.000000000
63,185,20.75,91.25,332,1087,0.2339675828047921,180,2,2023-12-16T00:00:00.000000000,2024-11-19T00:00:00.000000000
63,186,20.75,91.5,332,1087,0.2339675828047921,180,2,2023-12-16T00:00:00.000000000,2024-11-19T00:00:00.000000000
46,194,16.5,93.5,332,1087,0.2339675828047921,176,2,2023-12-16T00:00:00.000000000,2024-11-19T00:00:00.000000000
47,194,16.75,93.5,332,1087,0.2339675828047921,176,2,2023-12-16T00:00:00.000000000,2024-11-19T00:00:00.000000000
48,194,17.0,93.5,332,1087,0.2339675828047921,176,2,2023-12-16T00:00:00.000000000,2024-11-19T00:00:00.000000000
49,193,17.25,93.25,332,1087,0.2339675828047921,176,2,2023-12-16T00:00:00.000000000,2024-11-19T00:00:00.000000000
49,194,17.25,93.5,332,1087,0.2339675828047921,176,2,2023-12-16T00:00:00.000000000,2024-11-19T00:00:00.000000000
50,193,17.5,93.25,332,1087,0.2339675828047921,176,2,2023-12-16T00:00:00.000000000,2024-11-19T00:00:00.000000000
39,209,14.75,97.25,328,1091,0.23114869626497533,228,2,2023-12-20T00:00:00.000000000,2024-11-19T00:00:00.000000000
40,209,15.0,97.25,328,1091,0.23114869626497533,228,2,2023-12-20T00:00:00.000000000,2024-11-19T00:00:00.000000000
41,207,15.25,96.75,328,1091,0.23114869626497533,228,2,2023-12-20T00:00:00.000000000,2024-11-19T00:00:00.000000000
41,208,15.25,97.0,328,1091,0.23114869626497533,228,2,2023-12-20T00:00:00.000000000,2024-11-19T00:00:00.000000000
42,204,15.5,96.0,328,1091,0.23114869626497533,228,2,2023-12-20T00:00:00.000000000,2024-11-19T00:00:00.000000000
42,205,15.5,96.25,328,1091,0.23114869626497533,228,2,2023-12-20T00:00:00.000000000,2024-11-19T00:00:00.000000000
42,206,15.5,96.5,328,1091,0.23114869626497533,228,2,2023-12-20T00:00:00.000000000,2024-11-19T00:00:00.000000000
42,207,15.5,96.75,328,1091,0.23114869626497533,228,2,2023-12-20T00:00:00.000000000,2024-11-19T00:00:00.000000000
59,187,19.75,91.75,328,1091,0.23114869626497533,156,3,2023-12-12T00:00:00.000000000,2024-11-19T00:00:00.000000000
60,187,20.0,91.75,328,1091,0.23114869626497533,156,3,2023-12-12T00:00:00.000000000,2024-11-19T00:00:00.000000000
40,208,15.0,97.0,324,1095,0.22832980972515857,228,3,2023-12-20T00:00:00.000000000,2024-11-19T00:00:00.000000000
52,191,18.0,92.75,324,1095,0.22832980972515857,212,3,2023-12-12T00:00:00.000000000,2024-11-19T00:00:00.000000000
30,212,12.5,98.0,324,1095,0.22832980972515857,164,2,2023-12-24T00:00:00.000000000,2024-11-19T00:00:00.000000000
31,212,12.75,98.0,324,1095,0.22832980972515857,164,2,2023-12-24T00:00:00.000000000,2024-11-19T00:00:00.000000000
32,212,13.0,98.0,324,1095,0.22832980972515857,164,2,2023-12-24T00:00:00.000000000,2024-11-19T00:00:00.000000000
33,212,13.25,98.0,324,1095,0.22832980972515857,164,2,2023-12-24T00:00:00.000000000,2024-11-19T00:00:00.000000000
54,189,18.5,92.25,324,1095,0.22832980972515857,156,3,2023-12-16T00:00:00.000000000,2024-11-19T00:00:00.000000000
57,186,19.25,91.5,324,1095,0.22832980972515857,156,3,2023-12-16T00:00:00.000000000,2024-11-19T00:00:00.000000000
57,187,19.25,91.75,324,1095,0.22832980972515857,156,3,2023-12-16T00:00:00.000000000,2024-11-19T00:00:00.000000000
58,187,19.5,91.75,324,1095,0.22832980972515857,156,3,2023-12-16T00:00:00.000000000,2024-11-19T00:00:00.000000000
60,186,20.0,91.5,324,1095,0.22832980972515857,156,3,2023-12-16T00:00:00.000000000,2024-11-19T00:00:00.000000000
61,185,20.25,91.25,324,1095,0.22832980972515857,156,3,2023-12-16T00:00:00.000000000,2024-11-19T00:00:00.000000000
61,186,20.25,91.5,324,1095,0.22832980972515857,156,3,2023-12-16T00:00:00.000000000,2024-11-19T00:00:00.000000000
55,187,18.75,91.75,324,1095,0.22832980972515857,128,3,2023-12-16T00:00:00.000000000,2024-11-19T00:00:00.000000000
56,187,19.0,91.75,324,1095,0.22832980972515857,128,3,2023-12-16T00:00:00.000000000,2024-11-19T00:00:00.000000000
78,51,24.5,57.75,323,1096,0.22762508809020437,32,26,2021-01-01T00:00:00.000000000,2024-11-19T00:00:00.000000000
79,51,24.75,57.75,323,1096,0.22762508809020437,32,26,2021-01-01T00:00:00.000000000,2024-11-19T00:00:00.000000000
44,195,16.0,93.75,320,1099,0.2255109231853418,164,4,2023-12-12T00:00:00.000000000,2024-11-19T00:00:00.000000000
53,189,18.25,92.25,320,1099,0.2255109231853418,156,4,2023-12-16T00:00:00.000000000,2024-11-19T00:00:00.000000000
53,190,18.25,92.5,320,1099,0.2255109231853418,156,4,2023-12-16T00:00:00.000000000,2024-11-19T00:00:00.000000000
50,192,17.5,93.0,316,1103,0.222692036645525,156,3,2023-12-16T00:00:00.000000000,2024-11-19T00:00:00.000000000
51,192,17.75,93.0,316,1103,0.222692036645525,156,3,2023-12-16T00:00:00.000000000,2024-11-19T00:00:00.000000000
57,185,19.25,91.25,316,1103,0.222692036645525,156,3,2023-12-16T00:00:00.000000000,2024-11-19T00:00:00.000000000
58,186,19.5,91.5,316,1103,0.222692036645525,156,4,2023-12-16T00:00:00.000000000,2024-11-19T00:00:00.000000000
59,185,19.75,91.25,316,1103,0.222692036645525,156,4,2023-12-16T00:00:00.000000000,2024-11-19T00:00:00.000000000
59,186,19.75,91.5,316,1103,0.222692036645525,156,4,2023-12-16T00:00:00.000000000,2024-11-19T00:00:00.000000000
60,185,20.0,91.25,316,1103,0.222692036645525,156,4,2023-12-16T00:00:00.000000000,2024-11-19T00:00:00.000000000
54,188,18.5,92.0,316,1103,0.222692036645525,128,4,2023-12-16T00:00:00.000000000,2024-11-19T00:00:00.000000000
56,186,19.0,91.5,316,1103,0.222692036645525,128,4,2023-12-16T00:00:00.000000000,2024-11-19T00:00:00.000000000
36,210,14.0,97.5,312,1107,0.21987315010570824,172,3,2023-12-20T00:00:00.000000000,2024-11-19T00:00:00.000000000
37,210,14.25,97.5,312,1107,0.21987315010570824,172,3,2023-12-20T00:00:00.000000000,2024-11-19T00:00:00.000000000
51,191,17.75,92.75,312,1107,0.21987315010570824,156,4,2023-12-16T00:00:00.000000000,2024-11-19T00:00:00.000000000
52,190,18.0,92.5,312,1107,0.21987315010570824,156,4,2023-12-16T00:00:00.000000000,2024-11-19T00:00:00.000000000
39,208,14.75,97.0,312,1107,0.21987315010570824,140,4,2023-12-24T00:00:00.000000000,2024-11-19T00:00:00.000000000
42,203,15.5,95.75,312,1107,0.21987315010570824,140,4,2023-12-20T00:00:00.000000000,2024-11-19T00:00:00.000000000
47,193,16.75,93.25,308,1111,0.21705426356589147,156,5,2023-12-16T00:00:00.000000000,2024-11-19T00:00:00.000000000
48,193,17.0,93.25,308,1111,0.21705426356589147,156,5,2023-12-16T00:00:00.000000000,2024-11-19T00:00:00.000000000
58,185,19.5,91.25,308,1111,0.21705426356589147,156,4,2023-12-16T00:00:00.000000000,2024-11-19T00:00:00.000000000
29,211,12.25,97.75,300,1119,0.21141649048625794,152,3,2024-01-01T00:00:00.000000000,2024-11-19T00:00:00.000000000
30,211,12.5,97.75,300,1119,0.21141649048625794,152,3,2024-01-01T00:00:00.000000000,2024-11-19T00:00:00.000000000
37,209,14.25,97.25,300,1119,0.21141649048625794,132,4,2023-12-24T00:00:00.000000000,2024-11-19T00:00:00.000000000
38,209,14.5,97.25,300,1119,0.21141649048625794,132,4,2023-12-24T00:00:00.000000000,2024-11-19T00:00:00.000000000
43,196,15.75,94.0,300,1119,0.21141649048625794,108,6,2023-12-04T00:00:00.000000000,2024-11-19T00:00:00.000000000
38,208,14.5,97.0,296,1123,0.20859760394644117,132,5,2023-12-24T00:00:00.000000000,2024-11-19T00:00:00.000000000
44,194,16.0,93.5,296,1123,0.20859760394644117,132,6,2023-12-12T00:00:00.000000000,2024-11-19T00:00:00.000000000
45,194,16.25,93.5,296,1123,0.20859760394644117,132,6,2023-12-12T00:00:00.000000000,2024-11-19T00:00:00.000000000
60,184,20.0,91.0,296,1123,0.20859760394644117,132,5,2023-12-16T00:00:00.000000000,2024-11-19T00:00:00.000000000
61,184,20.25,91.0,296,1123,0.20859760394644117,132,5,2023-12-16T00:00:00.000000000,2024-11-19T00:00:00.000000000
33,211,13.25,97.75,296,1123,0.20859760394644117,100,4,2023-12-24T00:00:00.000000000,2024-11-19T00:00:00.000000000
34,211,13.5,97.75,296,1123,0.20859760394644117,100,4,2023-12-24T00:00:00.000000000,2024-11-19T00:00:00.000000000
62,184,20.5,91.0,292,1127,0.20577871740662437,136,5,2023-12-16T00:00:00.000000000,2024-11-19T00:00:00.000000000
63,184,20.75,91.0,292,1127,0.20577871740662437,136,5,2023-12-16T00:00:00.000000000,2024-11-19T00:00:00.000000000
41,205,15.25,96.25,288,1131,0.2029598308668076,132,3,2024-01-25T00:00:00.000000000,2024-11-19T00:00:00.000000000
41,206,15.25,96.5,288,1131,0.2029598308668076,132,3,2024-01-25T00:00:00.000000000,2024-11-19T00:00:00.000000000
58,184,19.5,91.0,288,1131,0.2029598308668076,132,5,2023-12-16T00:00:00.000000000,2024-11-19T00:00:00.000000000
59,184,19.75,91.0,288,1131,0.2029598308668076,132,5,2023-12-16T00:00:00.000000000,2024-11-19T00:00:00.000000000
31,211,12.75,97.75,288,1131,0.2029598308668076,100,4,2024-01-01T00:00:00.000000000,2024-11-19T00:00:00.000000000
32,211,13.0,97.75,288,1131,0.2029598308668076,100,4,2024-01-01T00:00:00.000000000,2024-11-19T00:00:00.000000000
80,35,25.0,53.75,287,1132,0.2022551092318534,88,13,2021-01-01T00:00:00.000000000,2022-10-21T00:00:00.000000000
41,202,15.25,95.5,284,1135,0.20014094432699084,136,4,2023-12-20T00:00:00.000000000,2024-11-19T00:00:00.000000000
43,195,15.75,93.75,284,1135,0.20014094432699084,108,7,2023-12-12T00:00:00.000000000,2024-11-19T00:00:00.000000000
35,210,13.75,97.5,284,1135,0.20014094432699084,100,5,2023-12-20T00:00:00.000000000,2024-11-19T00:00:00.000000000
57,184,19.25,91.0,280,1139,0.19732205778717407,132,6,2023-12-28T00:00:00.000000000,2024-11-19T00:00:00.000000000
65,181,21.25,90.25,280,1139,0.19732205778717407,108,7,2021-08-28T00:00:00.000000000,2024-11-19T00:00:00.000000000
65,182,21.25,90.5,280,1139,0.19732205778717407,108,7,2021-08-28T00:00:00.000000000,2024-11-19T00:00:00.000000000
41,201,15.25,95.25,276,1143,0.1945031712473573,136,5,2023-12-20T00:00:00.000000000,2024-11-19T00:00:00.000000000
39,207,14.75,96.75,276,1143,0.1945031712473573,132,3,2024-01-25T00:00:00.000000000,2024-11-19T00:00:00.000000000
40,206,15.0,96.5,276,1143,0.1945031712473573,132,3,2024-01-25T00:00:00.000000000,2024-11-19T00:00:00.000000000
40,207,15.0,96.75,276,1143,0.1945031712473573,132,3,2024-01-25T00:00:00.000000000,2024-11-19T00:00:00.000000000
36,209,14.0,97.25,276,1143,0.1945031712473573,108,4,2023-12-24T00:00:00.000000000,2024-11-19T00:00:00.000000000
42,196,15.5,94.0,276,1143,0.1945031712473573,108,6,2023-12-08T00:00:00.000000000,2024-11-19T00:00:00.000000000
42,197,15.5,94.25,276,1143,0.1945031712473573,108,6,2023-12-08T00:00:00.000000000,2024-11-19T00:00:00.000000000
56,185,19.0,91.25,272,1147,0.1916842847075405,128,6,2023-12-16T00:00:00.000000000,2024-11-19T00:00:00.000000000
64,183,21.0,90.75,272,1147,0.1916842847075405,108,6,2023-12-16T00:00:00.000000000,2024-11-19T00:00:00.000000000
32,210,13.0,97.5,272,1147,0.1916842847075405,100,5,2024-01-01T00:00:00.000000000,2024-11-19T00:00:00.000000000
33,210,13.25,97.5,272,1147,0.1916842847075405,100,5,2024-01-01T00:00:00.000000000,2024-11-19T00:00:00.000000000
34,210,13.5,97.5,272,1147,0.1916842847075405,100,5,2023-12-24T00:00:00.000000000,2024-11-19T00:00:00.000000000
79,33,24.75,53.25,271,1148,0.19097956307258632,64,10,2021-01-01T00:00:00.000000000,2022-12-04T00:00:00.000000000
51,190,17.75,92.5,268,1151,0.18886539816772374,152,4,2023-12-20T00:00:00.000000000,2024-11-19T00:00:00.000000000
36,208,14.0,97.0,268,1151,0.18886539816772374,108,4,2024-01-01T00:00:00.000000000,2024-11-19T00:00:00.000000000
37,208,14.25,97.0,268,1151,0.18886539816772374,108,4,2024-01-01T00:00:00.000000000,2024-11-19T00:00:00.000000000
35,209,13.75,97.25,268,1151,0.18886539816772374,100,4,2023-12-24T00:00:00.000000000,2024-11-19T00:00:00.000000000
63,183,20.75,90.75,264,1155,0.18604651162790697,108,7,2023-12-16T00:00:00.000000000,2024-11-19T00:00:00.000000000
30,210,12.5,97.5,264,1155,0.18604651162790697,100,5,2024-01-01T00:00:00.000000000,2024-11-19T00:00:00.000000000
31,210,12.75,97.5,264,1155,0.18604651162790697,100,5,2024-01-01T00:00:00.000000000,2024-11-19T00:00:00.000000000
24,212,11.0,98.0,260,1159,0.1832276250880902,108,5,2024-01-01T00:00:00.000000000,2024-11-19T00:00:00.000000000
25,212,11.25,98.0,260,1159,0.1832276250880902,108,5,2024-01-01T00:00:00.000000000,2024-11-19T00:00:00.000000000
42,198,15.5,94.5,260,1159,0.1832276250880902,108,4,2023-12-08T00:00:00.000000000,2024-11-19T00:00:00.000000000
79,32,24.75,53.0,259,1160,0.18252290345313602,64,8,2021-01-01T00:00:00.000000000,2022-12-04T00:00:00.000000000
29,210,12.25,97.5,256,1163,0.18040873854827344,128,4,2024-01-01T00:00:00.000000000,2024-11-19T00:00:00.000000000
64,182,21.0,90.5,256,1163,0.18040873854827344,108,5,2024-01-01T00:00:00.000000000,2024-11-19T00:00:00.000000000
32,209,13.0,97.25,256,1163,0.18040873854827344,100,5,2024-01-01T00:00:00.000000000,2024-11-19T00:00:00.000000000
31,209,12.75,97.25,252,1167,0.17758985200845667,100,5,2024-01-01T00:00:00.000000000,2024-11-19T00:00:00.000000000
33,209,13.25,97.25,252,1167,0.17758985200845667,100,4,2024-01-01T00:00:00.000000000,2024-11-19T00:00:00.000000000
34,209,13.5,97.25,252,1167,0.17758985200845667,100,4,2024-01-01T00:00:00.000000000,2024-11-19T00:00:00.000000000
41,204,15.25,96.0,248,1171,0.17477096546863988,132,3,2024-03-05T00:00:00.000000000,2024-11-19T00:00:00.000000000
56,184,19.0,91.0,248,1171,0.17477096546863988,128,6,2023-12-28T00:00:00.000000000,2024-11-19T00:00:00.000000000
38,207,14.5,96.75,248,1171,0.17477096546863988,108,5,2024-01-25T00:00:00.000000000,2024-11-19T00:00:00.000000000
80,34,25.0,53.5,247,1172,0.17406624383368569,76,12,2021-01-01T00:00:00.000000000,2022-08-14T00:00:00.000000000
25,211,11.25,97.75,244,1175,0.1719520789288231,108,6,2024-01-01T00:00:00.000000000,2024-11-19T00:00:00.000000000
26,211,11.5,97.75,244,1175,0.1719520789288231,108,6,2024-01-01T00:00:00.000000000,2024-11-19T00:00:00.000000000
28,210,12.0,97.5,240,1179,0.16913319238900634,108,5,2024-01-01T00:00:00.000000000,2024-11-19T00:00:00.000000000
37,207,14.25,96.75,240,1179,0.16913319238900634,108,4,2024-01-25T00:00:00.000000000,2024-11-19T00:00:00.000000000
29,209,12.25,97.25,232,1187,0.1634954193093728,100,5,2024-01-01T00:00:00.000000000,2024-11-19T00:00:00.000000000
17,138,9.25,79.5,232,1187,0.1634954193093728,24,23,2021-01-24T00:00:00.000000000,2024-08-15T00:00:00.000000000
40,204,15.0,96.0,228,1191,0.160676532769556,132,3,2024-03-05T00:00:00.000000000,2024-11-19T00:00:00.000000000
40,205,15.0,96.25,228,1191,0.160676532769556,132,3,2024-03-05T00:00:00.000000000,2024-11-19T00:00:00.000000000
41,203,15.25,95.75,228,1191,0.160676532769556,132,3,2024-03-05T00:00:00.000000000,2024-11-19T00:00:00.000000000
30,209,12.5,97.25,228,1191,0.160676532769556,100,5,2024-01-01T00:00:00.000000000,2024-11-19T00:00:00.000000000
27,210,11.75,97.5,224,1195,0.15785764622973925,108,5,2024-01-01T00:00:00.000000000,2024-11-19T00:00:00.000000000
31,208,12.75,97.0,224,1195,0.15785764622973925,100,4,2024-01-01T00:00:00.000000000,2024-11-19T00:00:00.000000000
39,205,14.75,96.25,220,1199,0.15503875968992248,132,4,2024-03-05T00:00:00.000000000,2024-11-19T00:00:00.000000000
39,206,14.75,96.5,220,1199,0.15503875968992248,132,4,2024-03-05T00:00:00.000000000,2024-11-19T00:00:00.000000000
30,208,12.5,97.0,220,1199,0.15503875968992248,100,4,2024-01-01T00:00:00.000000000,2024-11-19T00:00:00.000000000
26,210,11.5,97.5,216,1203,0.1522198731501057,108,4,2024-01-01T00:00:00.000000000,2024-11-19T00:00:00.000000000
65,180,21.25,90.0,216,1203,0.1522198731501057,108,8,2023-10-13T00:00:00.000000000,2024-11-15T00:00:00.000000000
20,212,10.0,98.0,212,1207,0.14940098661028894,96,5,2024-02-10T00:00:00.000000000,2024-11-19T00:00:00.000000000
21,212,10.25,98.0,212,1207,0.14940098661028894,96,5,2024-02-10T00:00:00.000000000,2024-11-19T00:00:00.000000000
27,209,11.75,97.25,212,1207,0.14940098661028894,88,6,2024-01-01T00:00:00.000000000,2024-11-19T00:00:00.000000000
28,209,12.0,97.25,212,1207,0.14940098661028894,88,6,2024-01-01T00:00:00.000000000,2024-11-19T00:00:00.000000000
29,208,12.25,97.0,212,1207,0.14940098661028894,88,5,2024-01-01T00:00:00.000000000,2024-11-19T00:00:00.000000000
65,171,21.25,87.75,212,1207,0.14940098661028894,60,11,2021-09-01T00:00:00.000000000,2024-11-19T00:00:00.000000000
48,192,17.0,93.0,208,1211,0.14658210007047218,128,5,2024-03-01T00:00:00.000000000,2024-11-19T00:00:00.000000000
49,192,17.25,93.0,208,1211,0.14658210007047218,128,5,2024-03-01T00:00:00.000000000,2024-11-19T00:00:00.000000000
22,212,10.5,98.0,208,1211,0.14658210007047218,108,6,2024-02-10T00:00:00.000000000,2024-11-19T00:00:00.000000000
23,212,10.75,98.0,208,1211,0.14658210007047218,108,6,2024-02-10T00:00:00.000000000,2024-11-19T00:00:00.000000000
38,206,14.5,96.5,208,1211,0.14658210007047218,108,5,2024-03-05T00:00:00.000000000,2024-11-19T00:00:00.000000000
65,179,21.25,89.75,208,1211,0.14658210007047218,108,7,2023-10-13T00:00:00.000000000,2024-11-15T00:00:00.000000000
52,189,18.0,92.25,204,1215,0.14376321353065538,132,6,2024-02-26T00:00:00.000000000,2024-11-19T00:00:00.000000000
40,203,15.0,95.75,204,1215,0.14376321353065538,108,4,2024-03-05T00:00:00.000000000,2024-11-19T00:00:00.000000000
28,208,12.0,97.0,204,1215,0.14376321353065538,88,5,2024-01-01T00:00:00.000000000,2024-11-19T00:00:00.000000000
65,172,21.25,88.0,204,1215,0.14376321353065538,60,11,2021-09-01T00:00:00.000000000,2024-11-19T00:00:00.000000000
54,187,18.5,91.75,200,1219,0.14094432699083861,128,6,2024-03-05T00:00:00.000000000,2024-11-19T00:00:00.000000000
26,209,11.5,97.25,200,1219,0.14094432699083861,88,5,2024-01-01T00:00:00.000000000,2024-11-19T00:00:00.000000000
29,207,12.25,96.75,200,1219,0.14094432699083861,88,6,2024-01-01T00:00:00.000000000,2024-11-19T00:00:00.000000000
30,207,12.5,96.75,200,1219,0.14094432699083861,88,6,2024-01-01T00:00:00.000000000,2024-11-19T00:00:00.000000000
47,192,16.75,93.0,196,1223,0.13812544045102185,128,5,2024-03-05T00:00:00.000000000,2024-11-19T00:00:00.000000000
55,186,18.75,91.5,196,1223,0.13812544045102185,128,5,2024-03-05T00:00:00.000000000,2024-11-19T00:00:00.000000000
40,202,15.0,95.5,196,1223,0.13812544045102185,108,4,2024-03-05T00:00:00.000000000,2024-11-19T00:00:00.000000000
46,193,16.5,93.25,196,1223,0.13812544045102185,108,7,2024-03-05T00:00:00.000000000,2024-11-19T00:00:00.000000000
24,211,11.0,97.75,196,1223,0.13812544045102185,68,7,2024-02-06T00:00:00.000000000,2024-11-19T00:00:00.000000000
49,191,17.25,92.75,192,1227,0.13530655391120508,128,5,2024-03-01T00:00:00.000000000,2024-11-19T00:00:00.000000000
50,191,17.5,92.75,192,1227,0.13530655391120508,128,5,2024-03-01T00:00:00.000000000,2024-11-19T00:00:00.000000000
54,186,18.5,91.5,192,1227,0.13530655391120508,128,5,2024-03-05T00:00:00.000000000,2024-11-19T00:00:00.000000000
48,191,17.0,92.75,188,1231,0.1324876673713883,128,5,2024-03-05T00:00:00.000000000,2024-11-19T00:00:00.000000000
50,190,17.5,92.5,188,1231,0.1324876673713883,128,5,2024-03-01T00:00:00.000000000,2024-11-19T00:00:00.000000000
45,193,16.25,93.25,188,1231,0.1324876673713883,108,8,2024-03-05T00:00:00.000000000,2024-11-19T00:00:00.000000000
53,188,18.25,92.0,188,1231,0.1324876673713883,108,7,2024-02-26T00:00:00.000000000,2024-11-19T00:00:00.000000000
51,189,17.75,92.25,184,1235,0.12966878083157152,132,5,2024-02-26T00:00:00.000000000,2024-11-19T00:00:00.000000000
59,183,19.75,90.75,184,1235,0.12966878083157152,132,5,2024-02-26T00:00:00.000000000,2024-11-19T00:00:00.000000000
60,183,20.0,90.75,184,1235,0.12966878083157152,132,5,2024-02-26T00:00:00.000000000,2024-11-19T00:00:00.000000000
55,185,18.75,91.25,184,1235,0.12966878083157152,128,6,2024-03-05T00:00:00.000000000,2024-11-19T00:00:00.000000000
41,200,15.25,95.0,184,1235,0.12966878083157152,108,5,2024-03-05T00:00:00.000000000,2024-11-19T00:00:00.000000000
43,194,15.75,93.5,184,1235,0.12966878083157152,108,7,2024-02-22T00:00:00.000000000,2024-11-19T00:00:00.000000000
44,193,16.0,93.25,184,1235,0.12966878083157152,108,8,2024-03-05T00:00:00.000000000,2024-11-19T00:00:00.000000000
52,188,18.0,92.0,184,1235,0.12966878083157152,108,7,2024-02-26T00:00:00.000000000,2024-11-19T00:00:00.000000000
61,183,20.25,90.75,184,1235,0.12966878083157152,104,7,2024-02-26T00:00:00.000000000,2024-11-19T00:00:00.000000000
62,183,20.5,90.75,184,1235,0.12966878083157152,104,7,2024-02-26T00:00:00.000000000,2024-11-19T00:00:00.000000000
26,208,11.5,97.0,184,1235,0.12966878083157152,88,5,2024-01-01T00:00:00.000000000,2024-11-19T00:00:00.000000000
27,208,11.75,97.0,184,1235,0.12966878083157152,88,5,2024-01-01T00:00:00.000000000,2024-11-19T00:00:00.000000000
23,211,10.75,97.75,184,1235,0.12966878083157152,68,7,2024-02-10T00:00:00.000000000,2024-11-19T00:00:00.000000000
47,191,16.75,92.75,180,1239,0.12684989429175475,128,5,2024-03-05T00:00:00.000000000,2024-11-19T00:00:00.000000000
40,200,15.0,95.0,180,1239,0.12684989429175475,108,5,2024-03-05T00:00:00.000000000,2024-11-19T00:00:00.000000000
40,201,15.0,95.25,180,1239,0.12684989429175475,108,5,2024-03-05T00:00:00.000000000,2024-11-19T00:00:00.000000000
35,208,13.75,97.0,180,1239,0.12684989429175475,100,5,2024-03-01T00:00:00.000000000,2024-11-19T00:00:00.000000000
41,196,15.25,94.0,176,1243,0.12403100775193798,108,5,2024-03-05T00:00:00.000000000,2024-11-19T00:00:00.000000000
41,199,15.25,94.75,176,1243,0.12403100775193798,108,4,2024-03-05T00:00:00.000000000,2024-11-19T00:00:00.000000000
46,192,16.5,93.0,176,1243,0.12403100775193798,108,6,2024-03-05T00:00:00.000000000,2024-11-19T00:00:00.000000000
32,208,13.0,97.0,176,1243,0.12403100775193798,100,5,2024-03-01T00:00:00.000000000,2024-11-19T00:00:00.000000000
33,208,13.25,97.0,176,1243,0.12403100775193798,100,5,2024-03-01T00:00:00.000000000,2024-11-19T00:00:00.000000000
34,208,13.5,97.0,176,1243,0.12403100775193798,100,5,2024-03-01T00:00:00.000000000,2024-11-19T00:00:00.000000000
27,207,11.75,96.75,176,1243,0.12403100775193798,88,4,2024-01-01T00:00:00.000000000,2024-11-19T00:00:00.000000000
28,207,12.0,96.75,176,1243,0.12403100775193798,88,4,2024-01-01T00:00:00.000000000,2024-11-19T00:00:00.000000000
49,190,17.25,92.5,172,1247,0.12121212121212122,128,5,2024-03-01T00:00:00.000000000,2024-11-19T00:00:00.000000000
39,203,14.75,95.75,172,1247,0.12121212121212122,108,5,2024-03-05T00:00:00.000000000,2024-11-19T00:00:00.000000000
39,204,14.75,96.0,172,1247,0.12121212121212122,108,5,2024-03-05T00:00:00.000000000,2024-11-19T00:00:00.000000000
42,194,15.5,93.5,172,1247,0.12121212121212122,108,6,2024-02-22T00:00:00.000000000,2024-11-19T00:00:00.000000000
42,195,15.5,93.75,172,1247,0.12121212121212122,108,6,2024-02-22T00:00:00.000000000,2024-11-19T00:00:00.000000000
44,192,16.0,93.0,172,1247,0.12121212121212122,108,7,2024-03-05T00:00:00.000000000,2024-11-19T00:00:00.000000000
45,192,16.25,93.0,172,1247,0.12121212121212122,108,7,2024-03-05T00:00:00.000000000,2024-11-19T00:00:00.000000000
53,187,18.25,91.75,172,1247,0.12121212121212122,108,7,2024-03-05T00:00:00.000000000,2024-11-19T00:00:00.000000000
63,182,20.75,90.5,172,1247,0.12121212121212122,104,6,2024-03-05T00:00:00.000000000,2024-11-19T00:00:00.000000000
48,190,17.0,92.5,168,1251,0.11839323467230443,128,5,2024-03-05T00:00:00.000000000,2024-11-19T00:00:00.000000000
41,197,15.25,94.25,168,1251,0.11839323467230443,108,4,2024-03-05T00:00:00.000000000,2024-11-19T00:00:00.000000000
41,198,15.25,94.5,168,1251,0.11839323467230443,108,4,2024-03-05T00:00:00.000000000,2024-11-19T00:00:00.000000000
26,207,11.5,96.75,168,1251,0.11839323467230443,84,4,2024-01-05T00:00:00.000000000,2024-11-19T00:00:00.000000000
65,173,21.25,88.25,168,1251,0.11839323467230443,60,10,2021-08-24T00:00:00.000000000,2024-11-19T00:00:00.000000000
65,174,21.25,88.5,168,1251,0.11839323467230443,60,10,2021-08-24T00:00:00.000000000,2024-11-19T00:00:00.000000000
24,210,11.0,97.5,168,1251,0.11839323467230443,52,7,2024-02-06T00:00:00.000000000,2024-11-19T00:00:00.000000000
25,210,11.25,97.5,168,1251,0.11839323467230443,52,7,2024-02-06T00:00:00.000000000,2024-11-19T00:00:00.000000000
62,182,20.5,90.5,164,1255,0.11557434813248767,104,7,2024-03-05T00:00:00.000000000,2024-11-19T00:00:00.000000000
63,181,20.75,90.25,164,1255,0.11557434813248767,104,6,2024-03-05T00:00:00.000000000,2024-11-19T00:00:00.000000000
64,181,21.0,90.25,164,1255,0.11557434813248767,104,6,2024-03-05T00:00:00.000000000,2024-11-19T00:00:00.000000000
30,206,12.5,96.5,164,1255,0.11557434813248767,88,6,2024-01-01T00:00:00.000000000,2024-11-19T00:00:00.000000000
21,211,10.25,97.75,164,1255,0.11557434813248767,56,7,2024-02-10T00:00:00.000000000,2024-11-19T00:00:00.000000000
22,211,10.5,97.75,164,1255,0.11557434813248767,56,7,2024-02-10T00:00:00.000000000,2024-11-19T00:00:00.000000000
54,185,18.5,91.25,160,1259,0.1127554615926709,128,5,2024-03-05T00:00:00.000000000,2024-11-19T00:00:00.000000000
43,193,15.75,93.25,160,1259,0.1127554615926709,108,6,2024-03-05T00:00:00.000000000,2024-11-19T00:00:00.000000000
36,207,14.0,96.75,160,1259,0.1127554615926709,104,5,2024-03-01T00:00:00.000000000,2024-11-19T00:00:00.000000000
57,183,19.25,90.75,160,1259,0.1127554615926709,96,6,2024-02-26T00:00:00.000000000,2024-11-19T00:00:00.000000000
58,183,19.5,90.75,160,1259,0.1127554615926709,96,6,2024-02-26T00:00:00.000000000,2024-11-19T00:00:00.000000000
42,193,15.5,93.25,160,1259,0.1127554615926709,92,7,2024-02-26T00:00:00.000000000,2024-11-19T00:00:00.000000000
40,199,15.0,94.75,160,1259,0.1127554615926709,56,6,2024-03-05T00:00:00.000000000,2024-11-19T00:00:00.000000000
41,195,15.25,93.75,156,1263,0.10993657505285412,108,6,2024-03-05T00:00:00.000000000,2024-11-19T00:00:00.000000000
35,207,13.75,96.75,156,1263,0.10993657505285412,100,5,2024-03-01T00:00:00.000000000,2024-11-19T00:00:00.000000000
41,193,15.25,93.25,156,1263,0.10993657505285412,92,7,2024-02-26T00:00:00.000000000,2024-11-19T00:00:00.000000000
41,194,15.25,93.5,156,1263,0.10993657505285412,92,7,2024-02-26T00:00:00.000000000,2024-11-19T00:00:00.000000000
46,191,16.5,92.75,156,1263,0.10993657505285412,92,6,2024-03-05T00:00:00.000000000,2024-11-19T00:00:00.000000000
47,190,16.75,92.5,156,1263,0.10993657505285412,92,5,2024-03-05T00:00:00.000000000,2024-11-19T00:00:00.000000000
40,198,15.0,94.5,156,1263,0.10993657505285412,56,6,2024-03-05T00:00:00.000000000,2024-11-19T00:00:00.000000000
25,209,11.25,97.25,156,1263,0.10993657505285412,52,6,2024-02-06T00:00:00.000000000,2024-11-19T00:00:00.000000000
44,191,16.0,92.75,152,1267,0.10711768851303735,92,7,2024-03-05T00:00:00.000000000,2024-11-19T00:00:00.000000000
26,206,11.5,96.5,152,1267,0.10711768851303735,84,5,2024-01-05T00:00:00.000000000,2024-11-11T00:00:00.000000000
27,206,11.75,96.5,152,1267,0.10711768851303735,84,5,2024-01-05T00:00:00.000000000,2024-11-11T00:00:00.000000000
40,196,15.0,94.0,152,1267,0.10711768851303735,56,6,2024-03-05T00:00:00.000000000,2024-11-19T00:00:00.000000000
40,197,15.0,94.25,152,1267,0.10711768851303735,56,6,2024-03-05T00:00:00.000000000,2024-11-19T00:00:00.000000000
43,192,15.75,93.0,148,1271,0.10429880197322058,108,5,2024-03-05T00:00:00.000000000,2024-11-19T00:00:00.000000000
48,189,17.0,92.25,148,1271,0.10429880197322058,108,5,2024-03-05T00:00:00.000000000,2024-11-19T00:00:00.000000000
49,189,17.25,92.25,148,1271,0.10429880197322058,108,5,2024-03-05T00:00:00.000000000,2024-11-19T00:00:00.000000000
50,189,17.5,92.25,148,1271,0.10429880197322058,108,5,2024-03-05T00:00:00.000000000,2024-11-19T00:00:00.000000000
38,204,14.5,96.0,148,1271,0.10429880197322058,104,4,2024-04-14T00:00:00.000000000,2024-11-19T00:00:00.000000000
38,205,14.5,96.25,148,1271,0.10429880197322058,104,4,2024-04-14T00:00:00.000000000,2024-11-19T00:00:00.000000000
65,177,21.25,89.25,148,1271,0.10429880197322058,104,6,2021-08-24T00:00:00.000000000,2024-11-07T00:00:00.000000000
65,178,21.25,89.5,148,1271,0.10429880197322058,104,6,2021-08-24T00:00:00.000000000,2024-11-07T00:00:00.000000000
45,191,16.25,92.75,148,1271,0.10429880197322058,92,7,2024-03-05T00:00:00.000000000,2024-11-19T00:00:00.000000000
29,205,12.25,96.25,148,1271,0.10429880197322058,88,5,2024-01-01T00:00:00.000000000,2024-11-19T00:00:00.000000000
29,206,12.25,96.5,148,1271,0.10429880197322058,88,5,2024-01-01T00:00:00.000000000,2024-11-19T00:00:00.000000000
30,205,12.5,96.25,148,1271,0.10429880197322058,88,5,2024-01-01T00:00:00.000000000,2024-11-19T00:00:00.000000000
64,170,21.0,87.5,148,1271,0.10429880197322058,64,9,2021-09-05T00:00:00.000000000,2024-11-19T00:00:00.000000000
65,175,21.25,88.75,148,1271,0.10429880197322058,60,8,2021-08-24T00:00:00.000000000,2024-11-07T00:00:00.000000000
65,176,21.25,89.0,148,1271,0.10429880197322058,60,8,2021-08-24T00:00:00.000000000,2024-11-07T00:00:00.000000000
81,52,25.25,58.0,148,1271,0.10429880197322058,20,13,2021-03-01T00:00:00.000000000,2024-09-28T00:00:00.000000000
55,184,18.75,91.0,144,1275,0.1014799154334038,108,4,2024-03-05T00:00:00.000000000,2024-11-19T00:00:00.000000000
40,195,15.0,93.75,144,1275,0.1014799154334038,104,5,2024-03-05T00:00:00.000000000,2024-11-19T00:00:00.000000000
44,190,16.0,92.5,144,1275,0.1014799154334038,92,6,2024-05-12T00:00:00.000000000,2024-11-19T00:00:00.000000000
20,234,10.0,103.5,144,1275,0.1014799154334038,64,7,2022-07-30T00:00:00.000000000,2024-11-19T00:00:00.000000000
84,38,26.0,54.5,144,1275,0.1014799154334038,64,8,2021-03-09T00:00:00.000000000,2022-10-01T00:00:00.000000000
23,210,10.75,97.5,144,1275,0.1014799154334038,40,7,2024-02-10T00:00:00.000000000,2024-11-19T00:00:00.000000000
81,36,25.25,54.0,144,1275,0.1014799154334038,24,12,2021-02-01T00:00:00.000000000,2022-10-01T00:00:00.000000000
36,206,14.0,96.5,140,1279,0.09866102889358704,104,4,2024-04-14T00:00:00.000000000,2024-11-19T00:00:00.000000000
37,206,14.25,96.5,140,1279,0.09866102889358704,104,4,2024-04-14T00:00:00.000000000,2024-11-19T00:00:00.000000000
41,192,15.25,93.0,140,1279,0.09866102889358704,92,6,2024-03-01T00:00:00.000000000,2024-11-19T00:00:00.000000000
42,191,15.5,92.75,140,1279,0.09866102889358704,92,6,2024-03-05T00:00:00.000000000,2024-11-19T00:00:00.000000000
42,192,15.5,93.0,140,1279,0.09866102889358704,92,6,2024-03-05T00:00:00.000000000,2024-11-19T00:00:00.000000000
43,191,15.75,92.75,140,1279,0.09866102889358704,92,6,2024-03-05T00:00:00.000000000,2024-11-19T00:00:00.000000000
45,190,16.25,92.5,140,1279,0.09866102889358704,92,6,2024-05-12T00:00:00.000000000,2024-11-19T00:00:00.000000000
28,206,12.0,96.5,140,1279,0.09866102889358704,88,4,2024-01-01T00:00:00.000000000,2024-11-19T00:00:00.000000000
53,186,18.25,91.5,140,1279,0.09866102889358704,88,6,2024-03-05T00:00:00.000000000,2024-11-19T00:00:00.000000000
47,189,16.75,92.25,140,1279,0.09866102889358704,72,6,2024-03-05T00:00:00.000000000,2024-11-19T00:00:00.000000000
22,210,10.5,97.5,140,1279,0.09866102889358704,40,7,2024-02-10T00:00:00.000000000,2024-11-19T00:00:00.000000000
64,171,21.0,87.75,140,1279,0.09866102889358704,36,10,2021-09-05T00:00:00.000000000,2024-11-19T00:00:00.000000000
54,184,18.5,91.0,136,1283,0.09584214235377025,108,4,2024-03-05T00:00:00.000000000,2024-11-19T00:00:00.000000000
37,205,14.25,96.25,136,1283,0.09584214235377025,104,4,2024-04-14T00:00:00.000000000,2024-11-19T00:00:00.000000000
60,182,20.0,90.5,136,1283,0.09584214235377025,104,4,2024-04-14T00:00:00.000000000,2024-11-15T00:00:00.000000000
61,182,20.25,90.5,136,1283,0.09584214235377025,104,4,2024-04-14T00:00:00.000000000,2024-11-15T00:00:00.000000000
41,191,15.25,92.75,136,1283,0.09584214235377025,92,6,2024-03-05T00:00:00.000000000,2024-11-19T00:00:00.000000000
46,190,16.5,92.5,136,1283,0.09584214235377025,92,6,2024-03-05T00:00:00.000000000,2024-11-19T00:00:00.000000000
53,185,18.25,91.25,136,1283,0.09584214235377025,88,6,2024-03-05T00:00:00.000000000,2024-11-19T00:00:00.000000000
39,199,14.75,94.75,136,1283,0.09584214235377025,56,6,2024-03-05T00:00:00.000000000,2024-11-19T00:00:00.000000000
39,200,14.75,95.0,136,1283,0.09584214235377025,56,6,2024-03-05T00:00:00.000000000,2024-11-19T00:00:00.000000000
39,201,14.75,95.25,132,1287,0.09302325581395349,104,4,2024-03-05T00:00:00.000000000,2024-11-19T00:00:00.000000000
39,202,14.75,95.5,132,1287,0.09302325581395349,104,4,2024-03-05T00:00:00.000000000,2024-11-19T00:00:00.000000000
40,194,15.0,93.5,132,1287,0.09302325581395349,92,5,2024-03-05T00:00:00.000000000,2024-11-19T00:00:00.000000000
42,190,15.5,92.5,132,1287,0.09302325581395349,92,5,2024-06-01T00:00:00.000000000,2024-11-19T00:00:00.000000000
43,190,15.75,92.5,132,1287,0.09302325581395349,92,5,2024-06-01T00:00:00.000000000,2024-11-19T00:00:00.000000000
30,204,12.5,96.0,132,1287,0.09302325581395349,84,4,2024-01-05T00:00:00.000000000,2024-11-19T00:00:00.000000000
39,196,14.75,94.0,132,1287,0.09302325581395349,56,5,2024-03-05T00:00:00.000000000,2024-11-19T00:00:00.000000000
39,197,14.75,94.25,132,1287,0.09302325581395349,56,5,2024-03-05T00:00:00.000000000,2024-11-19T00:00:00.000000000
39,198,14.75,94.5,132,1287,0.09302325581395349,56,5,2024-03-05T00:00:00.000000000,2024-11-19T00:00:00.000000000
24,209,11.0,97.25,132,1287,0.09302325581395349,52,5,2024-02-06T00:00:00.000000000,2024-11-19T00:00:00.000000000
31,189,12.75,92.25,132,1287,0.09302325581395349,44,8,2024-04-14T00:00:00.000000000,2024-11-19T00:00:00.000000000
64,180,21.0,90.0,128,1291,0.09020436927413672,104,4,2024-03-05T00:00:00.000000000,2024-11-15T00:00:00.000000000
29,204,12.25,96.0,128,1291,0.09020436927413672,80,4,2024-01-05T00:00:00.000000000,2024-11-19T00:00:00.000000000
33,207,13.25,96.75,128,1291,0.09020436927413672,72,4,2024-03-01T00:00:00.000000000,2024-11-19T00:00:00.000000000
34,207,13.5,96.75,128,1291,0.09020436927413672,72,4,2024-03-01T00:00:00.000000000,2024-11-19T00:00:00.000000000
52,187,18.0,91.75,128,1291,0.09020436927413672,72,7,2024-03-05T00:00:00.000000000,2024-11-19T00:00:00.000000000
63,170,20.75,87.5,128,1291,0.09020436927413672,56,8,2021-10-03T00:00:00.000000000,2024-11-19T00:00:00.000000000
32,189,13.0,92.25,128,1291,0.09020436927413672,44,8,2024-04-14T00:00:00.000000000,2024-11-19T00:00:00.000000000
36,205,14.0,96.25,124,1295,0.08738548273431994,100,3,2024-04-14T00:00:00.000000000,2024-11-19T00:00:00.000000000
27,205,11.75,96.25,124,1295,0.08738548273431994,80,4,2024-01-05T00:00:00.000000000,2024-11-11T00:00:00.000000000
28,204,12.0,96.0,124,1295,0.08738548273431994,80,4,2024-01-05T00:00:00.000000000,2024-11-11T00:00:00.000000000
28,205,12.0,96.25,124,1295,0.08738548273431994,80,4,2024-01-05T00:00:00.000000000,2024-11-11T00:00:00.000000000
43,188,15.75,92.0,124,1295,0.08738548273431994,56,7,2024-05-24T00:00:00.000000000,2024-11-19T00:00:00.000000000
43,189,15.75,92.25,124,1295,0.08738548273431994,56,7,2024-05-24T00:00:00.000000000,2024-11-19T00:00:00.000000000
44,188,16.0,92.0,124,1295,0.08738548273431994,56,7,2024-05-24T00:00:00.000000000,2024-11-19T00:00:00.000000000
44,189,16.0,92.25,124,1295,0.08738548273431994,56,7,2024-05-24T00:00:00.000000000,2024-11-19T00:00:00.000000000
24,207,11.0,96.75,124,1295,0.08738548273431994,52,5,2024-02-06T00:00:00.000000000,2024-11-19T00:00:00.000000000
24,208,11.0,97.0,124,1295,0.08738548273431994,52,5,2024-02-06T00:00:00.000000000,2024-11-19T00:00:00.000000000
25,207,11.25,96.75,124,1295,0.08738548273431994,52,5,2024-02-06T00:00:00.000000000,2024-11-19T00:00:00.000000000
25,208,11.25,97.0,124,1295,0.08738548273431994,52,5,2024-02-06T00:00:00.000000000,2024-11-19T00:00:00.000000000
41,186,15.25,91.5,124,1295,0.08738548273431994,44,7,2024-04-14T00:00:00.000000000,2024-11-19T00:00:00.000000000
29,189,12.25,92.25,124,1295,0.08738548273431994,40,6,2024-04-18T00:00:00.000000000,2024-11-19T00:00:00.000000000
61,181,20.25,90.25,120,1299,0.08456659619450317,104,3,2024-05-24T00:00:00.000000000,2024-11-15T00:00:00.000000000
62,181,20.5,90.25,120,1299,0.08456659619450317,104,3,2024-05-24T00:00:00.000000000,2024-11-15T00:00:00.000000000
56,183,19.0,90.75,120,1299,0.08456659619450317,92,3,2024-02-26T00:00:00.000000000,2024-11-19T00:00:00.000000000
53,184,18.25,91.0,120,1299,0.08456659619450317,88,4,2024-03-05T00:00:00.000000000,2024-11-19T00:00:00.000000000
27,203,11.75,95.75,120,1299,0.08456659619450317,80,4,2024-01-05T00:00:00.000000000,2024-11-11T00:00:00.000000000
27,204,11.75,96.0,120,1299,0.08456659619450317,80,4,2024-01-05T00:00:00.000000000,2024-11-11T00:00:00.000000000
28,203,12.0,95.75,120,1299,0.08456659619450317,80,4,2024-01-05T00:00:00.000000000,2024-11-11T00:00:00.000000000
48,188,17.0,92.0,120,1299,0.08456659619450317,72,6,2024-03-05T00:00:00.000000000,2024-11-19T00:00:00.000000000
49,188,17.25,92.0,120,1299,0.08456659619450317,72,6,2024-03-05T00:00:00.000000000,2024-11-19T00:00:00.000000000
50,188,17.5,92.0,120,1299,0.08456659619450317,72,6,2024-03-05T00:00:00.000000000,2024-11-19T00:00:00.000000000
51,188,17.75,92.0,120,1299,0.08456659619450317,72,6,2024-03-05T00:00:00.000000000,2024-11-19T00:00:00.000000000
58,182,19.5,90.5,120,1299,0.08456659619450317,64,6,2024-04-14T00:00:00.000000000,2024-11-15T00:00:00.000000000
59,182,19.75,90.5,120,1299,0.08456659619450317,64,6,2024-04-14T00:00:00.000000000,2024-11-15T00:00:00.000000000
37,196,14.25,94.0,120,1299,0.08456659619450317,56,4,2024-05-24T00:00:00.000000000,2024-11-19T00:00:00.000000000
38,196,14.5,94.0,120,1299,0.08456659619450317,56,4,2024-05-24T00:00:00.000000000,2024-11-19T00:00:00.000000000
38,197,14.5,94.25,120,1299,0.08456659619450317,56,4,2024-05-24T00:00:00.000000000,2024-11-19T00:00:00.000000000
39,195,14.75,93.75,120,1299,0.08456659619450317,56,5,2024-03-05T00:00:00.000000000,2024-11-19T00:00:00.000000000
27,193,11.75,93.25,120,1299,0.08456659619450317,48,5,2024-01-25T00:00:00.000000000,2024-11-15T00:00:00.000000000
31,207,12.75,96.75,120,1299,0.08456659619450317,32,6,2024-03-01T00:00:00.000000000,2024-11-19T00:00:00.000000000
32,207,13.0,96.75,120,1299,0.08456659619450317,32,6,2024-03-01T00:00:00.000000000,2024-11-19T00:00:00.000000000
38,195,14.5,93.75,116,1303,0.0817477096546864,56,4,2024-03-05T00:00:00.000000000,2024-11-19T00:00:00.000000000
42,185,15.5,91.25,116,1303,0.0817477096546864,52,7,2024-04-14T00:00:00.000000000,2024-11-19T00:00:00.000000000
23,207,10.75,96.75,116,1303,0.0817477096546864,44,5,2024-02-06T00:00:00.000000000,2024-11-19T00:00:00.000000000
23,208,10.75,97.0,116,1303,0.0817477096546864,44,5,2024-02-06T00:00:00.000000000,2024-11-19T00:00:00.000000000
23,209,10.75,97.25,116,1303,0.0817477096546864,40,5,2024-02-10T00:00:00.000000000,2024-11-19T00:00:00.000000000
40,192,15.0,93.0,116,1303,0.0817477096546864,28,7,2024-03-01T00:00:00.000000000,2024-11-19T00:00:00.000000000
40,193,15.0,93.25,116,1303,0.0817477096546864,28,7,2024-03-01T00:00:00.000000000,2024-11-19T00:00:00.000000000
42,188,15.5,92.0,116,1303,0.0817477096546864,28,8,2024-05-24T00:00:00.000000000,2024-11-19T00:00:00.000000000
42,189,15.5,92.25,116,1303,0.0817477096546864,28,8,2024-05-24T00:00:00.000000000,2024-11-19T00:00:00.000000000
38,201,14.5,95.25,112,1307,0.07892882311486962,104,2,2024-03-05T00:00:00.000000000,2024-11-19T00:00:00.000000000
55,183,18.75,90.75,112,1307,0.07892882311486962,92,3,2024-03-05T00:00:00.000000000,2024-11-19T00:00:00.000000000
25,205,11.25,96.25,112,1307,0.07892882311486962,72,4,2024-01-05T00:00:00.000000000,2024-11-11T00:00:00.000000000
25,206,11.25,96.5,112,1307,0.07892882311486962,72,4,2024-01-05T00:00:00.000000000,2024-11-11T00:00:00.000000000
26,205,11.5,96.25,112,1307,0.07892882311486962,72,4,2024-01-05T00:00:00.000000000,2024-11-11T00:00:00.000000000
51,187,17.75,91.75,112,1307,0.07892882311486962,72,6,2024-03-05T00:00:00.000000000,2024-11-19T00:00:00.000000000
52,186,18.0,91.5,112,1307,0.07892882311486962,72,5,2024-03-05T00:00:00.000000000,2024-11-19T00:00:00.000000000
38,198,14.5,94.5,112,1307,0.07892882311486962,56,4,2024-05-24T00:00:00.000000000,2024-11-19T00:00:00.000000000
38,199,14.5,94.75,112,1307,0.07892882311486962,56,4,2024-05-24T00:00:00.000000000,2024-11-19T00:00:00.000000000
43,187,15.75,91.75,112,1307,0.07892882311486962,56,7,2024-06-01T00:00:00.000000000,2024-11-19T00:00:00.000000000
44,187,16.0,91.75,112,1307,0.07892882311486962,56,7,2024-06-01T00:00:00.000000000,2024-11-19T00:00:00.000000000
45,188,16.25,92.0,112,1307,0.07892882311486962,56,7,2024-06-01T00:00:00.000000000,2024-11-19T00:00:00.000000000
45,189,16.25,92.25,112,1307,0.07892882311486962,56,7,2024-06-01T00:00:00.000000000,2024-11-19T00:00:00.000000000
46,189,16.5,92.25,112,1307,0.07892882311486962,56,7,2024-06-01T00:00:00.000000000,2024-11-19T00:00:00.000000000
47,188,16.75,92.0,112,1307,0.07892882311486962,56,7,2024-03-05T00:00:00.000000000,2024-11-19T00:00:00.000000000
30,189,12.5,92.25,112,1307,0.07892882311486962,40,5,2024-06-21T00:00:00.000000000,2024-11-19T00:00:00.000000000
62,108,20.5,72.0,112,1307,0.07892882311486962,36,6,2021-10-11T00:00:00.000000000,2024-10-22T00:00:00.000000000
62,109,20.5,72.25,112,1307,0.07892882311486962,36,6,2021-10-11T00:00:00.000000000,2024-10-22T00:00:00.000000000
25,192,11.25,93.0,112,1307,0.07892882311486962,28,7,2024-03-01T00:00:00.000000000,2024-11-19T00:00:00.000000000
81,35,25.25,53.75,112,1307,0.07892882311486962,20,9,2021-02-01T00:00:00.000000000,2022-05-10T00:00:00.000000000
36,204,14.0,96.0,108,1311,0.07610993657505286,100,2,2024-04-22T00:00:00.000000000,2024-11-19T00:00:00.000000000
37,204,14.25,96.0,108,1311,0.07610993657505286,100,2,2024-04-22T00:00:00.000000000,2024-11-19T00:00:00.000000000
34,206,13.5,96.5,108,1311,0.07610993657505286,72,3,2024-04-18T00:00:00.000000000,2024-11-19T00:00:00.000000000
35,205,13.75,96.25,108,1311,0.07610993657505286,72,3,2024-04-18T00:00:00.000000000,2024-11-19T00:00:00.000000000
35,206,13.75,96.5,108,1311,0.07610993657505286,72,3,2024-04-18T00:00:00.000000000,2024-11-19T00:00:00.000000000
37,195,14.25,93.75,108,1311,0.07610993657505286,56,3,2024-07-15T00:00:00.000000000,2024-11-19T00:00:00.000000000
41,185,15.25,91.25,108,1311,0.07610993657505286,44,7,2024-04-14T00:00:00.000000000,2024-11-19T00:00:00.000000000
42,186,15.5,91.5,108,1311,0.07610993657505286,44,7,2024-04-14T00:00:00.000000000,2024-11-19T00:00:00.000000000
44,185,16.0,91.25,108,1311,0.07610993657505286,40,8,2024-04-22T00:00:00.000000000,2024-11-19T00:00:00.000000000
94,19,28.5,49.75,108,1311,0.07610993657505286,36,4,2023-08-14T00:00:00.000000000,2024-09-28T00:00:00.000000000
39,193,14.75,93.25,108,1311,0.07610993657505286,28,6,2024-03-01T00:00:00.000000000,2024-11-19T00:00:00.000000000
38,202,14.5,95.5,104,1315,0.07329105003523609,104,1,2024-08-08T00:00:00.000000000,2024-11-19T00:00:00.000000000
38,203,14.5,95.75,104,1315,0.07329105003523609,104,1,2024-08-08T00:00:00.000000000,2024-11-19T00:00:00.000000000
62,180,20.5,90.0,104,1315,0.07329105003523609,80,4,2024-05-24T00:00:00.000000000,2024-11-15T00:00:00.000000000
63,180,20.75,90.0,104,1315,0.07329105003523609,80,4,2024-05-24T00:00:00.000000000,2024-11-15T00:00:00.000000000
48,186,17.0,91.5,104,1315,0.07329105003523609,72,5,2024-03-05T00:00:00.000000000,2024-11-19T00:00:00.000000000
48,187,17.0,91.75,104,1315,0.07329105003523609,72,5,2024-03-05T00:00:00.000000000,2024-11-19T00:00:00.000000000
49,186,17.25,91.5,104,1315,0.07329105003523609,72,5,2024-03-05T00:00:00.000000000,2024-11-19T00:00:00.000000000
49,187,17.25,91.75,104,1315,0.07329105003523609,72,5,2024-03-05T00:00:00.000000000,2024-11-19T00:00:00.000000000
50,184,17.5,91.0,104,1315,0.07329105003523609,72,4,2024-03-05T00:00:00.000000000,2024-11-19T00:00:00.000000000
50,187,17.5,91.75,104,1315,0.07329105003523609,72,5,2024-03-05T00:00:00.000000000,2024-11-19T00:00:00.000000000
51,184,17.75,91.0,104,1315,0.07329105003523609,72,4,2024-03-05T00:00:00.000000000,2024-11-19T00:00:00.000000000
52,184,18.0,91.0,104,1315,0.07329105003523609,72,4,2024-03-05T00:00:00.000000000,2024-11-19T00:00:00.000000000
52,185,18.0,91.25,104,1315,0.07329105003523609,72,4,2024-03-05T00:00:00.000000000,2024-11-19T00:00:00.000000000
59,181,19.75,90.25,104,1315,0.07329105003523609,64,5,2024-04-22T00:00:00.000000000,2024-11-15T00:00:00.000000000
60,181,20.0,90.25,104,1315,0.07329105003523609,64,5,2024-04-22T00:00:00.000000000,2024-11-15T00:00:00.000000000
38,200,14.5,95.0,104,1315,0.07329105003523609,56,3,2024-03-05T00:00:00.000000000,2024-11-19T00:00:00.000000000
45,187,16.25,91.75,104,1315,0.07329105003523609,56,6,2024-06-01T00:00:00.000000000,2024-11-19T00:00:00.000000000
46,187,16.5,91.75,104,1315,0.07329105003523609,56,6,2024-06-01T00:00:00.000000000,2024-11-19T00:00:00.000000000
46,188,16.5,92.0,104,1315,0.07329105003523609,56,6,2024-06-01T00:00:00.000000000,2024-11-19T00:00:00.000000000
47,187,16.75,91.75,104,1315,0.07329105003523609,56,6,2024-03-05T00:00:00.000000000,2024-11-19T00:00:00.000000000
40,183,15.0,90.75,104,1315,0.07329105003523609,52,5,2024-04-10T00:00:00.000000000,2024-11-15T00:00:00.000000000
40,184,15.0,91.0,104,1315,0.07329105003523609,52,5,2024-04-10T00:00:00.000000000,2024-11-15T00:00:00.000000000
42,184,15.5,91.0,104,1315,0.07329105003523609,52,5,2024-04-14T00:00:00.000000000,2024-11-19T00:00:00.000000000
44,186,16.0,91.5,104,1315,0.07329105003523609,40,8,2024-04-22T00:00:00.000000000,2024-11-19T00:00:00.000000000
41,190,15.25,92.5,104,1315,0.07329105003523609,36,8,2024-03-05T00:00:00.000000000,2024-11-19T00:00:00.000000000
43,185,15.75,91.25,104,1315,0.07329105003523609,36,7,2024-04-14T00:00:00.000000000,2024-11-19T00:00:00.000000000
43,186,15.75,91.5,104,1315,0.07329105003523609,36,8,2024-04-22T00:00:00.000000000,2024-11-19T00:00:00.000000000
32,206,13.0,96.5,104,1315,0.07329105003523609,32,6,2024-03-01T00:00:00.000000000,2024-11-19T00:00:00.000000000
33,206,13.25,96.5,104,1315,0.07329105003523609,32,6,2024-03-01T00:00:00.000000000,2024-11-19T00:00:00.000000000
31,206,12.75,96.5,104,1315,0.07329105003523609,28,6,2024-03-01T00:00:00.000000000,2024-11-19T00:00:00.000000000
38,193,14.5,93.25,104,1315,0.07329105003523609,28,6,2024-03-01T00:00:00.000000000,2024-11-19T00:00:00.000000000
39,194,14.75,93.5,104,1315,0.07329105003523609,28,6,2024-03-05T00:00:00.000000000,2024-11-19T00:00:00.000000000
42,187,15.5,91.75,104,1315,0.07329105003523609,28,7,2024-05-28T00:00:00.000000000,2024-11-19T00:00:00.000000000
41,187,15.25,91.75,104,1315,0.07329105003523609,20,8,2024-04-14T00:00:00.000000000,2024-11-19T00:00:00.000000000
36,202,14.0,95.5,100,1319,0.07047216349541931,100,1,2024-08-12T00:00:00.000000000,2024-11-19T00:00:00.000000000
36,203,14.0,95.75,100,1319,0.07047216349541931,100,1,2024-08-12T00:00:00.000000000,2024-11-19T00:00:00.000000000
37,201,14.25,95.25,100,1319,0.07047216349541931,100,1,2024-08-12T00:00:00.000000000,2024-11-19T00:00:00.000000000
37,202,14.25,95.5,100,1319,0.07047216349541931,100,1,2024-08-12T00:00:00.000000000,2024-11-19T00:00:00.000000000
37,203,14.25,95.75,100,1319,0.07047216349541931,100,1,2024-08-12T00:00:00.000000000,2024-11-19T00:00:00.000000000
27,202,11.75,95.5,100,1319,0.07047216349541931,72,3,2024-01-13T00:00:00.000000000,2024-11-11T00:00:00.000000000
29,201,12.25,95.25,100,1319,0.07047216349541931,60,3,2024-01-25T00:00:00.000000000,2024-11-19T00:00:00.000000000
29,202,12.25,95.5,100,1319,0.07047216349541931,60,3,2024-01-25T00:00:00.000000000,2024-11-19T00:00:00.000000000
29,203,12.25,95.75,100,1319,0.07047216349541931,60,3,2024-01-25T00:00:00.000000000,2024-11-19T00:00:00.000000000
37,197,14.25,94.25,100,1319,0.07047216349541931,56,4,2024-05-24T00:00:00.000000000,2024-11-19T00:00:00.000000000
29,194,12.25,93.5,100,1319,0.07047216349541931,44,4,2024-02-14T00:00:00.000000000,2024-11-15T00:00:00.000000000
30,194,12.5,93.5,100,1319,0.07047216349541931,44,4,2024-02-14T00:00:00.000000000,2024-11-15T00:00:00.000000000
37,194,14.25,93.5,100,1319,0.07047216349541931,32,5,2024-03-05T00:00:00.000000000,2024-11-19T00:00:00.000000000
61,109,20.25,72.25,100,1319,0.07047216349541931,32,6,2021-10-11T00:00:00.000000000,2024-10-22T00:00:00.000000000
38,192,14.5,93.0,100,1319,0.07047216349541931,28,7,2024-03-01T00:00:00.000000000,2024-11-19T00:00:00.000000000
54,183,18.5,90.75,96,1323,0.06765327695560254,76,3,2024-03-05T00:00:00.000000000,2024-11-19T00:00:00.000000000
49,185,17.25,91.25,96,1323,0.06765327695560254,72,4,2024-03-05T00:00:00.000000000,2024-11-19T00:00:00.000000000
50,185,17.5,91.25,96,1323,0.06765327695560254,72,4,2024-03-05T00:00:00.000000000,2024-11-19T00:00:00.000000000
50,186,17.5,91.5,96,1323,0.06765327695560254,72,4,2024-03-05T00:00:00.000000000,2024-11-19T00:00:00.000000000
51,185,17.75,91.25,96,1323,0.06765327695560254,72,4,2024-03-05T00:00:00.000000000,2024-11-19T00:00:00.000000000
51,186,17.75,91.5,96,1323,0.06765327695560254,72,4,2024-03-05T00:00:00.000000000,2024-11-19T00:00:00.000000000
28,202,12.0,95.5,96,1323,0.06765327695560254,64,3,2024-01-21T00:00:00.000000000,2024-11-11T00:00:00.000000000
51,183,17.75,90.75,96,1323,0.06765327695560254,64,4,2024-03-05T00:00:00.000000000,2024-11-19T00:00:00.000000000
52,183,18.0,90.75,96,1323,0.06765327695560254,64,4,2024-03-05T00:00:00.000000000,2024-11-19T00:00:00.000000000
30,203,12.5,95.75,96,1323,0.06765327695560254,60,3,2024-01-25T00:00:00.000000000,2024-11-19T00:00:00.000000000
37,198,14.25,94.5,96,1323,0.06765327695560254,56,4,2024-05-24T00:00:00.000000000,2024-11-19T00:00:00.000000000
47,186,16.75,91.5,96,1323,0.06765327695560254,56,5,2024-03-05T00:00:00.000000000,2024-11-19T00:00:00.000000000
31,194,12.75,93.5,96,1323,0.06765327695560254,48,4,2024-02-14T00:00:00.000000000,2024-11-19T00:00:00.000000000
32,194,13.0,93.5,96,1323,0.06765327695560254,48,4,2024-02-14T00:00:00.000000000,2024-11-19T00:00:00.000000000
35,204,13.75,96.0,96,1323,0.06765327695560254,48,4,2024-04-22T00:00:00.000000000,2024-11-19T00:00:00.000000000
43,184,15.75,91.0,96,1323,0.06765327695560254,40,6,2024-04-14T00:00:00.000000000,2024-11-19T00:00:00.000000000
45,185,16.25,91.25,96,1323,0.06765327695560254,40,7,2024-04-22T00:00:00.000000000,2024-11-19T00:00:00.000000000
39,183,14.75,90.75,96,1323,0.06765327695560254,32,6,2024-04-10T00:00:00.000000000,2024-11-15T00:00:00.000000000
39,184,14.75,91.0,96,1323,0.06765327695560254,32,6,2024-04-10T00:00:00.000000000,2024-11-15T00:00:00.000000000
64,172,21.0,88.0,96,1323,0.06765327695560254,32,8,2021-09-01T00:00:00.000000000,2024-11-19T00:00:00.000000000
64,173,21.0,88.25,96,1323,0.06765327695560254,32,8,2021-09-01T00:00:00.000000000,2024-11-19T00:00:00.000000000
31,205,12.75,96.25,96,1323,0.06765327695560254,28,5,2024-03-01T00:00:00.000000000,2024-11-19T00:00:00.000000000
38,194,14.5,93.5,96,1323,0.06765327695560254,28,5,2024-03-05T00:00:00.000000000,2024-11-19T00:00:00.000000000
39,191,14.75,92.75,96,1323,0.06765327695560254,28,7,2024-03-01T00:00:00.000000000,2024-11-19T00:00:00.000000000
39,192,14.75,93.0,96,1323,0.06765327695560254,28,7,2024-03-01T00:00:00.000000000,2024-11-19T00:00:00.000000000
40,191,15.0,92.75,96,1323,0.06765327695560254,28,7,2024-03-01T00:00:00.000000000,2024-11-19T00:00:00.000000000
19,236,9.75,104.0,96,1323,0.06765327695560254,20,9,2022-10-26T00:00:00.000000000,2024-11-19T00:00:00.000000000
41,188,15.25,92.0,96,1323,0.06765327695560254,20,8,2024-05-28T00:00:00.000000000,2024-11-19T00:00:00.000000000
26,204,11.5,96.0,92,1327,0.06483439041578576,72,2,2024-01-05T00:00:00.000000000,2024-11-11T00:00:00.000000000
49,184,17.25,91.0,92,1327,0.06483439041578576,72,3,2024-03-05T00:00:00.000000000,2024-11-19T00:00:00.000000000
53,183,18.25,90.75,92,1327,0.06483439041578576,72,3,2024-03-05T00:00:00.000000000,2024-11-19T00:00:00.000000000
35,195,13.75,93.75,92,1327,0.06483439041578576,56,4,2024-07-15T00:00:00.000000000,2024-11-19T00:00:00.000000000
36,195,14.0,93.75,92,1327,0.06483439041578576,56,4,2024-07-15T00:00:00.000000000,2024-11-19T00:00:00.000000000
46,186,16.5,91.5,92,1327,0.06483439041578576,56,5,2024-06-01T00:00:00.000000000,2024-11-19T00:00:00.000000000
34,205,13.5,96.25,92,1327,0.06483439041578576,48,4,2024-04-18T00:00:00.000000000,2024-11-19T00:00:00.000000000
64,174,21.0,88.5,92,1327,0.06483439041578576,40,5,2023-09-03T00:00:00.000000000,2024-11-19T00:00:00.000000000
83,37,25.75,54.25,92,1327,0.06483439041578576,32,8,2021-03-09T00:00:00.000000000,2022-10-01T00:00:00.000000000
84,37,26.0,54.25,92,1327,0.06483439041578576,32,8,2021-03-09T00:00:00.000000000,2022-10-01T00:00:00.000000000
37,193,14.25,93.25,92,1327,0.06483439041578576,28,5,2024-03-05T00:00:00.000000000,2024-11-19T00:00:00.000000000
41,183,15.25,90.75,92,1327,0.06483439041578576,24,6,2024-04-14T00:00:00.000000000,2024-11-15T00:00:00.000000000
41,184,15.25,91.0,92,1327,0.06483439041578576,24,6,2024-04-14T00:00:00.000000000,2024-11-15T00:00:00.000000000
42,183,15.5,90.75,92,1327,0.06483439041578576,24,6,2024-04-14T00:00:00.000000000,2024-11-15T00:00:00.000000000
41,189,15.25,92.25,92,1327,0.06483439041578576,20,8,2024-05-28T00:00:00.000000000,2024-11-19T00:00:00.000000000
79,30,24.75,52.5,91,1328,0.06412966878083157,64,3,2021-01-01T00:00:00.000000000,2022-10-01T00:00:00.000000000
79,31,24.75,52.75,91,1328,0.06412966878083157,64,3,2021-01-01T00:00:00.000000000,2022-10-01T00:00:00.000000000
63,179,20.75,89.75,88,1331,0.06201550387596899,80,2,2024-07-11T00:00:00.000000000,2024-10-22T00:00:00.000000000
64,178,21.0,89.5,88,1331,0.06201550387596899,80,2,2024-07-11T00:00:00.000000000,2024-10-22T00:00:00.000000000
64,179,21.0,89.75,88,1331,0.06201550387596899,80,2,2024-07-11T00:00:00.000000000,2024-10-22T00:00:00.000000000
47,185,16.75,91.25,88,1331,0.06201550387596899,56,4,2024-03-05T00:00:00.000000000,2024-11-19T00:00:00.000000000
48,184,17.0,91.0,88,1331,0.06201550387596899,56,4,2024-03-05T00:00:00.000000000,2024-11-19T00:00:00.000000000
34,204,13.5,96.0,88,1331,0.06201550387596899,48,4,2024-04-22T00:00:00.000000000,2024-11-19T00:00:00.000000000
35,203,13.75,95.75,88,1331,0.06201550387596899,48,3,2024-08-12T00:00:00.000000000,2024-11-19T00:00:00.000000000
46,185,16.5,91.25,88,1331,0.06201550387596899,40,6,2024-06-01T00:00:00.000000000,2024-11-19T00:00:00.000000000
64,175,21.0,88.75,88,1331,0.06201550387596899,40,4,2023-09-03T00:00:00.000000000,2024-11-07T00:00:00.000000000
38,183,14.5,90.75,88,1331,0.06201550387596899,32,5,2024-04-10T00:00:00.000000000,2024-11-15T00:00:00.000000000
38,184,14.5,91.0,88,1331,0.06201550387596899,32,5,2024-04-10T00:00:00.000000000,2024-11-15T00:00:00.000000000
44,184,16.0,91.0,88,1331,0.06201550387596899,32,6,2024-04-14T00:00:00.000000000,2024-11-19T00:00:00.000000000
92,18,28.0,49.5,88,1331,0.06201550387596899,28,4,2023-08-14T00:00:00.000000000,2024-09-28T00:00:00.000000000
32,205,13.0,96.25,88,1331,0.06201550387596899,24,5,2024-03-01T00:00:00.000000000,2024-11-19T00:00:00.000000000
40,186,15.0,91.5,88,1331,0.06201550387596899,20,7,2024-04-14T00:00:00.000000000,2024-11-19T00:00:00.000000000
40,187,15.0,91.75,88,1331,0.06201550387596899,20,7,2024-04-14T00:00:00.000000000,2024-11-19T00:00:00.000000000
57,182,19.25,90.5,88,1331,0.06201550387596899,20,7,2024-04-14T00:00:00.000000000,2024-11-19T00:00:00.000000000
35,196,13.75,94.0,84,1335,0.05919661733615222,56,4,2024-07-15T00:00:00.000000000,2024-11-19T00:00:00.000000000
36,196,14.0,94.0,84,1335,0.05919661733615222,56,4,2024-07-15T00:00:00.000000000,2024-11-19T00:00:00.000000000
45,186,16.25,91.5,84,1335,0.05919661733615222,40,6,2024-06-01T00:00:00.000000000,2024-11-19T00:00:00.000000000
33,205,13.25,96.25,84,1335,0.05919661733615222,32,5,2024-04-18T00:00:00.000000000,2024-11-19T00:00:00.000000000
35,194,13.75,93.5,84,1335,0.05919661733615222,28,5,2024-07-15T00:00:00.000000000,2024-11-19T00:00:00.000000000
36,194,14.0,93.5,84,1335,0.05919661733615222,28,5,2024-07-15T00:00:00.000000000,2024-11-19T00:00:00.000000000
58,181,19.5,90.25,84,1335,0.05919661733615222,24,7,2024-04-14T00:00:00.000000000,2024-11-15T00:00:00.000000000
40,188,15.0,92.0,84,1335,0.05919661733615222,20,8,2024-04-14T00:00:00.000000000,2024-11-19T00:00:00.000000000
40,189,15.0,92.25,84,1335,0.05919661733615222,20,8,2024-03-05T00:00:00.000000000,2024-11-19T00:00:00.000000000
40,190,15.0,92.5,84,1335,0.05919661733615222,20,8,2024-03-05T00:00:00.000000000,2024-11-19T00:00:00.000000000
35,199,13.75,94.75,80,1339,0.05637773079633545,56,2,2024-08-24T00:00:00.000000000,2024-11-19T00:00:00.000000000
35,200,13.75,95.0,80,1339,0.05637773079633545,56,2,2024-08-24T00:00:00.000000000,2024-11-19T00:00:00.000000000
36,197,14.0,94.25,80,1339,0.05637773079633545,56,4,2024-07-15T00:00:00.000000000,2024-11-19T00:00:00.000000000
36,198,14.0,94.5,80,1339,0.05637773079633545,56,2,2024-08-24T00:00:00.000000000,2024-11-19T00:00:00.000000000
36,199,14.0,94.75,80,1339,0.05637773079633545,56,2,2024-08-24T00:00:00.000000000,2024-11-19T00:00:00.000000000
36,200,14.0,95.0,80,1339,0.05637773079633545,56,2,2024-08-24T00:00:00.000000000,2024-11-19T00:00:00.000000000
36,201,14.0,95.25,80,1339,0.05637773079633545,56,2,2024-08-24T00:00:00.000000000,2024-11-19T00:00:00.000000000
37,199,14.25,94.75,80,1339,0.05637773079633545,56,2,2024-08-24T00:00:00.000000000,2024-11-19T00:00:00.000000000
37,200,14.25,95.0,80,1339,0.05637773079633545,56,2,2024-08-24T00:00:00.000000000,2024-11-19T00:00:00.000000000
48,185,17.0,91.25,80,1339,0.05637773079633545,56,4,2024-03-05T00:00:00.000000000,2024-11-19T00:00:00.000000000
47,184,16.75,91.0,80,1339,0.05637773079633545,48,4,2024-03-05T00:00:00.000000000,2024-11-19T00:00:00.000000000
30,201,12.5,95.25,80,1339,0.05637773079633545,40,3,2024-02-14T00:00:00.000000000,2024-11-19T00:00:00.000000000
30,202,12.5,95.5,80,1339,0.05637773079633545,40,3,2024-02-14T00:00:00.000000000,2024-11-19T00:00:00.000000000
64,177,21.0,89.25,80,1339,0.05637773079633545,40,3,2023-09-03T00:00:00.000000000,2024-10-22T00:00:00.000000000
45,184,16.25,91.0,80,1339,0.05637773079633545,32,6,2024-04-22T00:00:00.000000000,2024-11-19T00:00:00.000000000
57,181,19.25,90.25,80,1339,0.05637773079633545,20,7,2024-04-14T00:00:00.000000000,2024-11-15T00:00:00.000000000
35,202,13.75,95.5,76,1343,0.053558844256518676,56,3,2024-08-12T00:00:00.000000000,2024-11-19T00:00:00.000000000
82,37,25.5,54.25,76,1343,0.053558844256518676,32,6,2021-07-07T00:00:00.000000000,2022-10-01T00:00:00.000000000
31,204,12.75,96.0,76,1343,0.053558844256518676,28,4,2024-03-01T00:00:00.000000000,2024-11-19T00:00:00.000000000
24,188,11.0,92.0,76,1343,0.053558844256518676,20,6,2024-03-05T00:00:00.000000000,2024-11-15T00:00:00.000000000
25,188,11.25,92.0,76,1343,0.053558844256518676,20,6,2024-03-05T00:00:00.000000000,2024-11-15T00:00:00.000000000
39,187,14.75,91.75,76,1343,0.053558844256518676,20,7,2024-04-14T00:00:00.000000000,2024-11-19T00:00:00.000000000
39,188,14.75,92.0,76,1343,0.053558844256518676,20,7,2024-04-14T00:00:00.000000000,2024-11-19T00:00:00.000000000
39,189,14.75,92.25,76,1343,0.053558844256518676,20,7,2024-03-01T00:00:00.000000000,2024-11-19T00:00:00.000000000
39,190,14.75,92.5,76,1343,0.053558844256518676,20,7,2024-03-01T00:00:00.000000000,2024-11-19T00:00:00.000000000
79,52,24.75,58.0,76,1343,0.053558844256518676,20,6,2021-03-01T00:00:00.000000000,2024-09-28T00:00:00.000000000
80,52,25.0,58.0,76,1343,0.053558844256518676,20,6,2021-03-01T00:00:00.000000000,2024-09-28T00:00:00.000000000
80,33,25.0,53.25,75,1344,0.052854122621564484,20,8,2021-01-01T00:00:00.000000000,2022-08-14T00:00:00.000000000
48,152,17.0,83.0,72,1347,0.0507399577167019,40,2,2024-09-01T00:00:00.000000000,2024-11-19T00:00:00.000000000
46,184,16.5,91.0,72,1347,0.0507399577167019,32,5,2024-08-04T00:00:00.000000000,2024-11-19T00:00:00.000000000
60,180,20.0,90.0,72,1347,0.0507399577167019,32,4,2024-08-04T00:00:00.000000000,2024-11-15T00:00:00.000000000
61,180,20.25,90.0,72,1347,0.0507399577167019,32,4,2024-08-04T00:00:00.000000000,2024-11-15T00:00:00.000000000
64,176,21.0,89.0,72,1347,0.0507399577167019,32,3,2023-09-03T00:00:00.000000000,2024-10-22T00:00:00.000000000
37,191,14.25,92.75,72,1347,0.0507399577167019,28,5,2024-03-01T00:00:00.000000000,2024-11-19T00:00:00.000000000
37,192,14.25,93.0,72,1347,0.0507399577167019,28,5,2024-03-01T00:00:00.000000000,2024-11-19T00:00:00.000000000
38,191,14.5,92.75,72,1347,0.0507399577167019,28,5,2024-03-01T00:00:00.000000000,2024-11-19T00:00:00.000000000
35,201,13.75,95.25,68,1351,0.04792107117688513,56,2,2024-09-05T00:00:00.000000000,2024-11-19T00:00:00.000000000
52,182,18.0,90.5,68,1351,0.04792107117688513,56,2,2024-08-04T00:00:00.000000000,2024-11-19T00:00:00.000000000
53,182,18.25,90.5,68,1351,0.04792107117688513,56,2,2024-08-04T00:00:00.000000000,2024-11-19T00:00:00.000000000
49,183,17.25,90.75,68,1351,0.04792107117688513,40,4,2024-03-05T00:00:00.000000000,2024-11-19T00:00:00.000000000
50,183,17.5,90.75,68,1351,0.04792107117688513,40,4,2024-03-05T00:00:00.000000000,2024-11-19T00:00:00.000000000
63,171,20.75,87.75,68,1351,0.04792107117688513,32,4,2024-08-08T00:00:00.000000000,2024-11-19T00:00:00.000000000
43,183,15.75,90.75,68,1351,0.04792107117688513,24,4,2024-04-14T00:00:00.000000000,2024-11-19T00:00:00.000000000
44,183,16.0,90.75,68,1351,0.04792107117688513,24,4,2024-04-14T00:00:00.000000000,2024-11-19T00:00:00.000000000
54,182,18.5,90.5,68,1351,0.04792107117688513,20,5,2024-03-05T00:00:00.000000000,2024-11-19T00:00:00.000000000
55,182,18.75,90.5,68,1351,0.04792107117688513,20,5,2024-03-05T00:00:00.000000000,2024-11-19T00:00:00.000000000
24,110,11.0,72.5,64,1355,0.04510218463706836,64,1,2022-07-30T00:00:00.000000000,2022-10-01T00:00:00.000000000
24,111,11.0,72.75,64,1355,0.04510218463706836,64,1,2022-07-30T00:00:00.000000000,2022-10-01T00:00:00.000000000
25,110,11.25,72.5,64,1355,0.04510218463706836,64,1,2022-07-30T00:00:00.000000000,2022-10-01T00:00:00.000000000
25,111,11.25,72.75,64,1355,0.04510218463706836,64,1,2022-07-30T00:00:00.000000000,2022-10-01T00:00:00.000000000
51,156,17.75,84.0,64,1355,0.04510218463706836,56,2,2024-09-09T00:00:00.000000000,2024-11-19T00:00:00.000000000
62,170,20.5,87.5,64,1355,0.04510218463706836,56,2,2024-07-23T00:00:00.000000000,2024-10-26T00:00:00.000000000
20,219,10.0,99.75,64,1355,0.04510218463706836,32,4,2024-03-01T00:00:00.000000000,2024-11-19T00:00:00.000000000
21,219,10.25,99.75,64,1355,0.04510218463706836,32,4,2024-03-01T00:00:00.000000000,2024-11-19T00:00:00.000000000
56,182,19.0,90.5,64,1355,0.04510218463706836,20,5,2024-07-31T00:00:00.000000000,2024-11-19T00:00:00.000000000
25,203,11.25,95.75,60,1359,0.042283298097251586,60,1,2024-01-09T00:00:00.000000000,2024-03-08T00:00:00.000000000
25,204,11.25,96.0,60,1359,0.042283298097251586,60,1,2024-01-09T00:00:00.000000000,2024-03-08T00:00:00.000000000
26,203,11.5,95.75,60,1359,0.042283298097251586,60,1,2024-01-09T00:00:00.000000000,2024-03-08T00:00:00.000000000
47,183,16.75,90.75,60,1359,0.042283298097251586,32,4,2024-03-05T00:00:00.000000000,2024-11-19T00:00:00.000000000
48,183,17.0,90.75,60,1359,0.042283298097251586,32,4,2024-03-05T00:00:00.000000000,2024-11-19T00:00:00.000000000
38,190,14.5,92.5,60,1359,0.042283298097251586,12,6,2024-03-01T00:00:00.000000000,2024-11-19T00:00:00.000000000
22,204,10.5,96.0,56,1363,0.03946441155743481,56,1,2024-01-13T00:00:00.000000000,2024-03-08T00:00:00.000000000
22,205,10.5,96.25,56,1363,0.03946441155743481,56,1,2024-01-13T00:00:00.000000000,2024-03-08T00:00:00.000000000
23,203,10.75,95.75,56,1363,0.03946441155743481,56,1,2024-01-13T00:00:00.000000000,2024-03-08T00:00:00.000000000
23,204,10.75,96.0,56,1363,0.03946441155743481,56,1,2024-01-13T00:00:00.000000000,2024-03-08T00:00:00.000000000
23,205,10.75,96.25,56,1363,0.03946441155743481,56,1,2024-01-13T00:00:00.000000000,2024-03-08T00:00:00.000000000
24,203,11.0,95.75,56,1363,0.03946441155743481,56,1,2024-01-13T00:00:00.000000000,2024-03-08T00:00:00.000000000
24,204,11.0,96.0,56,1363,0.03946441155743481,56,1,2024-01-13T00:00:00.000000000,2024-03-08T00:00:00.000000000
24,205,11.0,96.25,56,1363,0.03946441155743481,56,1,2024-01-13T00:00:00.000000000,2024-03-08T00:00:00.000000000
26,202,11.5,95.5,56,1363,0.03946441155743481,56,1,2024-01-13T00:00:00.000000000,2024-03-08T00:00:00.000000000
63,172,20.75,88.0,56,1363,0.03946441155743481,32,4,2024-08-08T00:00:00.000000000,2024-11-19T00:00:00.000000000
32,204,13.0,96.0,56,1363,0.03946441155743481,24,4,2024-03-05T00:00:00.000000000,2024-11-19T00:00:00.000000000
16,138,9.0,79.5,56,1363,0.03946441155743481,8,7,2021-03-05T00:00:00.000000000,2022-06-11T00:00:00.000000000
55,160,18.75,85.0,52,1367,0.036645525017618044,52,1,2024-09-09T00:00:00.000000000,2024-10-30T00:00:00.000000000
56,161,19.0,85.25,52,1367,0.036645525017618044,52,1,2024-09-09T00:00:00.000000000,2024-10-30T00:00:00.000000000
63,173,20.75,88.25,52,1367,0.036645525017618044,32,3,2024-08-08T00:00:00.000000000,2024-10-22T00:00:00.000000000
63,174,20.75,88.5,52,1367,0.036645525017618044,32,3,2024-08-08T00:00:00.000000000,2024-10-22T00:00:00.000000000
53,159,18.25,84.75,48,1371,0.03382663847780127,48,1,2024-09-09T00:00:00.000000000,2024-10-26T00:00:00.000000000
55,161,18.75,85.25,48,1371,0.03382663847780127,48,1,2024-09-13T00:00:00.000000000,2024-10-30T00:00:00.000000000
36,192,14.0,93.0,48,1371,0.03382663847780127,28,3,2024-07-15T00:00:00.000000000,2024-11-19T00:00:00.000000000
36,193,14.0,93.25,48,1371,0.03382663847780127,28,3,2024-07-15T00:00:00.000000000,2024-11-19T00:00:00.000000000
33,204,13.25,96.0,48,1371,0.03382663847780127,24,3,2024-04-18T00:00:00.000000000,2024-11-19T00:00:00.000000000
27,194,11.75,93.5,44,1375,0.031007751937984496,44,1,2024-01-25T00:00:00.000000000,2024-03-08T00:00:00.000000000
28,194,12.0,93.5,44,1375,0.031007751937984496,44,1,2024-01-25T00:00:00.000000000,2024-03-08T00:00:00.000000000
28,201,12.0,95.25,44,1375,0.031007751937984496,44,1,2024-01-25T00:00:00.000000000,2024-03-08T00:00:00.000000000
54,160,18.5,85.0,44,1375,0.031007751937984496,44,1,2024-09-13T00:00:00.000000000,2024-10-26T00:00:00.000000000
54,161,18.5,85.25,44,1375,0.031007751937984496,44,1,2024-09-13T00:00:00.000000000,2024-10-26T00:00:00.000000000
55,162,18.75,85.5,44,1375,0.031007751937984496,44,1,2024-09-17T00:00:00.000000000,2024-10-30T00:00:00.000000000
56,162,19.0,85.5,44,1375,0.031007751937984496,44,1,2024-09-17T00:00:00.000000000,2024-10-30T00:00:00.000000000
56,163,19.0,85.75,44,1375,0.031007751937984496,44,1,2024-09-17T00:00:00.000000000,2024-10-30T00:00:00.000000000
57,163,19.25,85.75,44,1375,0.031007751937984496,44,1,2024-09-17T00:00:00.000000000,2024-10-30T00:00:00.000000000
61,169,20.25,87.25,44,1375,0.031007751937984496,24,2,2024-09-01T00:00:00.000000000,2024-10-22T00:00:00.000000000
24,200,11.0,95.0,40,1379,0.028188865398167725,40,1,2024-01-29T00:00:00.000000000,2024-03-08T00:00:00.000000000
24,201,11.0,95.25,40,1379,0.028188865398167725,40,1,2024-01-29T00:00:00.000000000,2024-03-08T00:00:00.000000000
24,202,11.0,95.5,40,1379,0.028188865398167725,40,1,2024-01-29T00:00:00.000000000,2024-03-08T00:00:00.000000000
25,200,11.25,95.0,40,1379,0.028188865398167725,40,1,2024-01-29T00:00:00.000000000,2024-03-08T00:00:00.000000000
25,201,11.25,95.25,40,1379,0.028188865398167725,40,1,2024-01-29T00:00:00.000000000,2024-03-08T00:00:00.000000000
25,202,11.25,95.5,40,1379,0.028188865398167725,40,1,2024-01-29T00:00:00.000000000,2024-03-08T00:00:00.000000000
26,200,11.5,95.0,40,1379,0.028188865398167725,40,1,2024-01-29T00:00:00.000000000,2024-03-08T00:00:00.000000000
26,201,11.5,95.25,40,1379,0.028188865398167725,40,1,2024-01-29T00:00:00.000000000,2024-03-08T00:00:00.000000000
27,200,11.75,95.0,40,1379,0.028188865398167725,40,1,2024-01-29T00:00:00.000000000,2024-03-08T00:00:00.000000000
27,201,11.75,95.25,40,1379,0.028188865398167725,40,1,2024-01-29T00:00:00.000000000,2024-03-08T00:00:00.000000000
57,164,19.25,86.0,40,1379,0.028188865398167725,40,1,2024-09-17T00:00:00.000000000,2024-10-26T00:00:00.000000000
58,165,19.5,86.25,36,1383,0.02536997885835095,36,1,2024-09-17T00:00:00.000000000,2024-10-22T00:00:00.000000000
80,32,25.0,53.0,35,1384,0.02466525722339676,12,4,2021-01-01T00:00:00.000000000,2022-08-14T00:00:00.000000000
23,206,10.75,96.5,32,1387,0.02255109231853418,32,1,2024-02-06T00:00:00.000000000,2024-03-08T00:00:00.000000000
24,206,11.0,96.5,32,1387,0.02255109231853418,32,1,2024-02-06T00:00:00.000000000,2024-03-08T00:00:00.000000000
18,236,9.5,104.0,32,1387,0.02255109231853418,12,3,2023-11-06T00:00:00.000000000,2024-11-19T00:00:00.000000000
18,237,9.5,104.25,32,1387,0.02255109231853418,12,3,2023-11-06T00:00:00.000000000,2024-11-19T00:00:00.000000000
26,221,11.5,100.25,28,1391,0.019732205778717406,28,1,2024-02-10T00:00:00.000000000,2024-03-08T00:00:00.000000000
26,222,11.5,100.5,28,1391,0.019732205778717406,28,1,2024-02-10T00:00:00.000000000,2024-03-08T00:00:00.000000000
27,222,11.75,100.5,28,1391,0.019732205778717406,28,1,2024-02-10T00:00:00.000000000,2024-03-08T00:00:00.000000000
28,222,12.0,100.5,28,1391,0.019732205778717406,28,1,2024-02-10T00:00:00.000000000,2024-03-08T00:00:00.000000000
29,222,12.25,100.5,28,1391,0.019732205778717406,28,1,2024-02-10T00:00:00.000000000,2024-03-08T00:00:00.000000000
30,222,12.5,100.5,28,1391,0.019732205778717406,28,1,2024-02-10T00:00:00.000000000,2024-03-08T00:00:00.000000000
27,199,11.75,94.75,24,1395,0.016913319238900635,24,1,2024-02-14T00:00:00.000000000,2024-03-08T00:00:00.000000000
28,195,12.0,93.75,24,1395,0.016913319238900635,24,1,2024-02-14T00:00:00.000000000,2024-03-08T00:00:00.000000000
28,196,12.0,94.0,24,1395,0.016913319238900635,24,1,2024-02-14T00:00:00.000000000,2024-03-08T00:00:00.000000000
28,197,12.0,94.25,24,1395,0.016913319238900635,24,1,2024-02-14T00:00:00.000000000,2024-03-08T00:00:00.000000000
28,198,12.0,94.5,24,1395,0.016913319238900635,24,1,2024-02-14T00:00:00.000000000,2024-03-08T00:00:00.000000000
28,199,12.0,94.75,24,1395,0.016913319238900635,24,1,2024-02-14T00:00:00.000000000,2024-03-08T00:00:00.000000000
28,200,12.0,95.0,24,1395,0.016913319238900635,24,1,2024-02-14T00:00:00.000000000,2024-03-08T00:00:00.000000000
29,195,12.25,93.75,24,1395,0.016913319238900635,24,1,2024-02-14T00:00:00.000000000,2024-03-08T00:00:00.000000000
29,196,12.25,94.0,24,1395,0.016913319238900635,24,1,2024-02-14T00:00:00.000000000,2024-03-08T00:00:00.000000000
29,197,12.25,94.25,24,1395,0.016913319238900635,24,1,2024-02-14T00:00:00.000000000,2024-03-08T00:00:00.000000000
29,198,12.25,94.5,24,1395,0.016913319238900635,24,1,2024-02-14T00:00:00.000000000,2024-03-08T00:00:00.000000000
29,199,12.25,94.75,24,1395,0.016913319238900635,24,1,2024-02-14T00:00:00.000000000,2024-03-08T00:00:00.000000000
29,200,12.25,95.0,24,1395,0.016913319238900635,24,1,2024-02-14T00:00:00.000000000,2024-03-08T00:00:00.000000000
30,195,12.5,93.75,24,1395,0.016913319238900635,24,1,2024-02-14T00:00:00.000000000,2024-03-08T00:00:00.000000000
30,196,12.5,94.0,24,1395,0.016913319238900635,24,1,2024-02-14T00:00:00.000000000,2024-03-08T00:00:00.000000000
31,195,12.75,93.75,24,1395,0.016913319238900635,24,1,2024-02-14T00:00:00.000000000,2024-03-08T00:00:00.000000000
32,195,13.0,93.75,24,1395,0.016913319238900635,24,1,2024-02-14T00:00:00.000000000,2024-03-08T00:00:00.000000000
92,19,28.0,49.75,24,1395,0.016913319238900635,24,1,2023-08-18T00:00:00.000000000,2023-09-10T00:00:00.000000000
93,19,28.25,49.75,24,1395,0.016913319238900635,24,1,2023-08-18T00:00:00.000000000,2023-09-10T00:00:00.000000000
94,20,28.5,50.0,24,1395,0.016913319238900635,24,1,2023-08-18T00:00:00.000000000,2023-09-10T00:00:00.000000000
95,20,28.75,50.0,24,1395,0.016913319238900635,24,1,2023-08-18T00:00:00.000000000,2023-09-10T00:00:00.000000000
95,21,28.75,50.25,24,1395,0.016913319238900635,24,1,2023-08-18T00:00:00.000000000,2023-09-10T00:00:00.000000000
43,181,15.75,90.25,20,1399,0.014094432699083862,20,1,2024-10-31T00:00:00.000000000,2024-11-19T00:00:00.000000000
43,182,15.75,90.5,20,1399,0.014094432699083862,20,1,2024-10-31T00:00:00.000000000,2024-11-19T00:00:00.000000000
44,181,16.0,90.25,20,1399,0.014094432699083862,20,1,2024-10-31T00:00:00.000000000,2024-11-19T00:00:00.000000000
44,182,16.0,90.5,20,1399,0.014094432699083862,20,1,2024-10-31T00:00:00.000000000,2024-11-19T00:00:00.000000000
45,181,16.25,90.25,20,1399,0.014094432699083862,20,1,2024-10-31T00:00:00.000000000,2024-11-19T00:00:00.000000000
45,182,16.25,90.5,20,1399,0.014094432699083862,20,1,2024-10-31T00:00:00.000000000,2024-11-19T00:00:00.000000000
45,183,16.25,90.75,20,1399,0.014094432699083862,20,1,2024-10-31T00:00:00.000000000,2024-11-19T00:00:00.000000000
80,30,25.0,52.5,20,1399,0.014094432699083862,20,1,2022-07-30T00:00:00.000000000,2022-08-18T00:00:00.000000000
80,31,25.0,52.75,20,1399,0.014094432699083862,20,1,2022-07-30T00:00:00.000000000,2022-08-18T00:00:00.000000000
17,237,9.25,104.25,20,1399,0.014094432699083862,12,2,2024-10-15T00:00:00.000000000,2024-11-19T00:00:00.000000000
81,34,25.25,53.5,20,1399,0.014094432699083862,12,2,2021-02-01T00:00:00.000000000,2022-01-02T00:00:00.000000000
20,204,10.0,96.0,16,1403,0.01127554615926709,16,1,2024-02-22T00:00:00.000000000,2024-03-08T00:00:00.000000000
20,205,10.0,96.25,16,1403,0.01127554615926709,16,1,2024-02-22T00:00:00.000000000,2024-03-08T00:00:00.000000000
21,203,10.25,95.75,16,1403,0.01127554615926709,16,1,2024-02-22T00:00:00.000000000,2024-03-08T00:00:00.000000000
21,204,10.25,96.0,16,1403,0.01127554615926709,16,1,2024-02-22T00:00:00.000000000,2024-03-08T00:00:00.000000000
21,205,10.25,96.25,16,1403,0.01127554615926709,16,1,2024-02-22T00:00:00.000000000,2024-03-08T00:00:00.000000000
21,206,10.25,96.5,16,1403,0.01127554615926709,16,1,2024-02-22T00:00:00.000000000,2024-03-08T00:00:00.000000000
22,200,10.5,95.0,16,1403,0.01127554615926709,16,1,2024-02-22T00:00:00.000000000,2024-03-08T00:00:00.000000000
22,201,10.5,95.25,16,1403,0.01127554615926709,16,1,2024-02-22T00:00:00.000000000,2024-03-08T00:00:00.000000000
22,202,10.5,95.5,16,1403,0.01127554615926709,16,1,2024-02-22T00:00:00.000000000,2024-03-08T00:00:00.000000000
22,203,10.5,95.75,16,1403,0.01127554615926709,16,1,2024-02-22T00:00:00.000000000,2024-03-08T00:00:00.000000000
22,206,10.5,96.5,16,1403,0.01127554615926709,16,1,2024-02-22T00:00:00.000000000,2024-03-08T00:00:00.000000000
22,207,10.5,96.75,16,1403,0.01127554615926709,16,1,2024-02-22T00:00:00.000000000,2024-03-08T00:00:00.000000000
22,208,10.5,97.0,16,1403,0.01127554615926709,16,1,2024-02-22T00:00:00.000000000,2024-03-08T00:00:00.000000000
22,209,10.5,97.25,16,1403,0.01127554615926709,16,1,2024-02-22T00:00:00.000000000,2024-03-08T00:00:00.000000000
23,200,10.75,95.0,16,1403,0.01127554615926709,16,1,2024-02-22T00:00:00.000000000,2024-03-08T00:00:00.000000000
23,201,10.75,95.25,16,1403,0.01127554615926709,16,1,2024-02-22T00:00:00.000000000,2024-03-08T00:00:00.000000000
23,202,10.75,95.5,16,1403,0.01127554615926709,16,1,2024-02-22T00:00:00.000000000,2024-03-08T00:00:00.000000000
82,36,25.5,54.0,16,1403,0.01127554615926709,8,2,2021-11-08T00:00:00.000000000,2022-10-01T00:00:00.000000000
8,149,7.0,82.25,12,1407,0.008456659619450317,12,1,2024-11-08T00:00:00.000000000,2024-11-19T00:00:00.000000000
9,149,7.25,82.25,12,1407,0.008456659619450317,12,1,2024-11-08T00:00:00.000000000,2024-11-19T00:00:00.000000000
9,227,7.25,101.75,12,1407,0.008456659619450317,12,1,2024-11-08T00:00:00.000000000,2024-11-19T00:00:00.000000000
46,181,16.5,90.25,12,1407,0.008456659619450317,12,1,2024-11-08T00:00:00.000000000,2024-11-19T00:00:00.000000000
46,182,16.5,90.5,12,1407,0.008456659619450317,12,1,2024-11-08T00:00:00.000000000,2024-11-19T00:00:00.000000000
46,183,16.5,90.75,12,1407,0.008456659619450317,12,1,2024-11-08T00:00:00.000000000,2024-11-19T00:00:00.000000000
47,182,16.75,90.5,12,1407,0.008456659619450317,12,1,2024-11-08T00:00:00.000000000,2024-11-19T00:00:00.000000000
48,182,17.0,90.5,12,1407,0.008456659619450317,12,1,2024-11-08T00:00:00.000000000,2024-11-19T00:00:00.000000000
49,182,17.25,90.5,12,1407,0.008456659619450317,12,1,2024-11-08T00:00:00.000000000,2024-11-19T00:00:00.000000000
50,182,17.5,90.5,12,1407,0.008456659619450317,12,1,2024-11-08T00:00:00.000000000,2024-11-19T00:00:00.000000000
51,182,17.75,90.5,12,1407,0.008456659619450317,12,1,2024-11-08T00:00:00.000000000,2024-11-19T00:00:00.000000000
53,181,18.25,90.25,12,1407,0.008456659619450317,12,1,2024-11-08T00:00:00.000000000,2024-11-19T00:00:00.000000000
54,181,18.5,90.25,12,1407,0.008456659619450317,12,1,2024-11-08T00:00:00.000000000,2024-11-19T00:00:00.000000000
55,181,18.75,90.25,12,1407,0.008456659619450317,12,1,2024-11-08T00:00:00.000000000,2024-11-19T00:00:00.000000000
56,181,19.0,90.25,12,1407,0.008456659619450317,12,1,2024-11-08T00:00:00.000000000,2024-11-19T00:00:00.000000000
81,33,25.25,53.25,12,1407,0.008456659619450317,12,1,2021-02-01T00:00:00.000000000,2021-02-12T00:00:00.000000000
6,186,6.5,91.5,8,1411,0.005637773079633545,8,1,2024-03-01T00:00:00.000000000,2024-03-08T00:00:00.000000000
6,187,6.5,91.75,8,1411,0.005637773079633545,8,1,2024-03-01T00:00:00.000000000,2024-03-08T00:00:00.000000000
6,188,6.5,92.0,8,1411,0.005637773079633545,8,1,2024-03-01T00:00:00.000000000,2024-03-08T00:00:00.000000000
6,189,6.5,92.25,8,1411,0.005637773079633545,8,1,2024-03-01T00:00:00.000000000,2024-03-08T00:00:00.000000000
7,186,6.75,91.5,8,1411,0.005637773079633545,8,1,2024-03-01T00:00:00.000000000,2024-03-08T00:00:00.000000000
7,187,6.75,91.75,8,1411,0.005637773079633545,8,1,2024-03-01T00:00:00.000000000,2024-03-08T00:00:00.000000000
7,188,6.75,92.0,8,1411,0.005637773079633545,8,1,2024-03-01T00:00:00.000000000,2024-03-08T00:00:00.000000000
7,189,6.75,92.25,8,1411,0.005637773079633545,8,1,2024-03-01T00:00:00.000000000,2024-03-08T00:00:00.000000000
7,190,6.75,92.5,8,1411,0.005637773079633545,8,1,2024-03-01T00:00:00.000000000,2024-03-08T00:00:00.000000000
8,186,7.0,91.5,8,1411,0.005637773079633545,8,1,2024-03-01T00:00:00.000000000,2024-03-08T00:00:00.000000000
8,187,7.0,91.75,8,1411,0.005637773079633545,8,1,2024-03-01T00:00:00.000000000,2024-03-08T00:00:00.000000000
8,188,7.0,92.0,8,1411,0.005637773079633545,8,1,2024-03-01T00:00:00.000000000,2024-03-08T00:00:00.000000000
8,189,7.0,92.25,8,1411,0.005637773079633545,8,1,2024-03-01T00:00:00.000000000,2024-03-08T00:00:00.000000000
8,190,7.0,92.5,8,1411,0.005637773079633545,8,1,2024-03-01T00:00:00.000000000,2024-03-08T00:00:00.000000000
9,186,7.25,91.5,8,1411,0.005637773079633545,8,1,2024-03-01T00:00:00.000000000,2024-03-08T00:00:00.000000000
9,187,7.25,91.75,8,1411,0.005637773079633545,8,1,2024-03-01T00:00:00.000000000,2024-03-08T00:00:00.000000000
9,188,7.25,92.0,8,1411,0.005637773079633545,8,1,2024-03-01T00:00:00.000000000,2024-03-08T00:00:00.000000000
9,189,7.25,92.25,8,1411,0.005637773079633545,8,1,2024-03-01T00:00:00.000000000,2024-03-08T00:00:00.000000000
9,190,7.25,92.5,8,1411,0.005637773079633545,8,1,2024-03-01T00:00:00.000000000,2024-03-08T00:00:00.000000000
10,187,7.5,91.75,8,1411,0.005637773079633545,8,1,2024-03-01T00:00:00.000000000,2024-03-08T00:00:00.000000000
10,188,7.5,92.0,8,1411,0.005637773079633545,8,1,2024-03-01T00:00:00.000000000,2024-03-08T00:00:00.000000000
23,220,10.75,100.0,8,1411,0.005637773079633545,8,1,2024-03-01T00:00:00.000000000,2024-03-08T00:00:00.000000000
24,221,11.0,100.25,8,1411,0.005637773079633545,8,1,2024-03-01T00:00:00.000000000,2024-03-08T00:00:00.000000000
24,222,11.0,100.5,8,1411,0.005637773079633545,8,1,2024-03-01T00:00:00.000000000,2024-03-08T00:00:00.000000000
25,193,11.25,93.25,8,1411,0.005637773079633545,8,1,2024-03-01T00:00:00.000000000,2024-03-08T00:00:00.000000000
25,221,11.25,100.25,8,1411,0.005637773079633545,8,1,2024-03-01T00:00:00.000000000,2024-03-08T00:00:00.000000000
25,222,11.25,100.5,8,1411,0.005637773079633545,8,1,2024-03-01T00:00:00.000000000,2024-03-08T00:00:00.000000000
26,193,11.5,93.25,8,1411,0.005637773079633545,8,1,2024-03-01T00:00:00.000000000,2024-03-08T00:00:00.000000000
28,160,12.0,85.0,8,1411,0.005637773079633545,8,1,2024-03-01T00:00:00.000000000,2024-03-08T00:00:00.000000000
28,161,12.0,85.25,8,1411,0.005637773079633545,8,1,2024-03-01T00:00:00.000000000,2024-03-08T00:00:00.000000000
29,160,12.25,85.0,8,1411,0.005637773079633545,8,1,2024-03-01T00:00:00.000000000,2024-03-08T00:00:00.000000000
29,161,12.25,85.25,8,1411,0.005637773079633545,8,1,2024-03-01T00:00:00.000000000,2024-03-08T00:00:00.000000000
30,160,12.5,85.0,8,1411,0.005637773079633545,8,1,2024-03-01T00:00:00.000000000,2024-03-08T00:00:00.000000000
30,161,12.5,85.25,8,1411,0.005637773079633545,8,1,2024-03-01T00:00:00.000000000,2024-03-08T00:00:00.000000000
31,160,12.75,85.0,8,1411,0.005637773079633545,8,1,2024-03-01T00:00:00.000000000,2024-03-08T00:00:00.000000000
31,161,12.75,85.25,8,1411,0.005637773079633545,8,1,2024-03-01T00:00:00.000000000,2024-03-08T00:00:00.000000000
38,189,14.5,92.25,8,1411,0.005637773079633545,8,1,2024-03-01T00:00:00.000000000,2024-03-08T00:00:00.000000000
